p_final,replacement_loss,profit_no_final_inspection,profit_final_inspection,profit_diff_inspect_minus_no,preferred,analytic_rule
0.04,0.0,65.91666666666669,59.666666666666686,-6.25,no_inspect,no_inspect
0.04,2.5,65.81250000000003,59.666666666666686,-6.145833333333343,no_inspect,no_inspect
0.04,5.0,65.70833333333334,59.666666666666686,-6.041666666666657,no_inspect,no_inspect
0.04,7.5,65.60416666666669,59.666666666666686,-5.9375,no_inspect,no_inspect
0.04,10.0,65.50000000000003,59.666666666666686,-5.833333333333343,no_inspect,no_inspect
0.04,12.5,65.39583333333334,59.666666666666686,-5.729166666666657,no_inspect,no_inspect
0.04,15.0,65.29166666666669,59.666666666666686,-5.625,no_inspect,no_inspect
0.04,17.5,65.18750000000003,59.666666666666686,-5.520833333333343,no_inspect,no_inspect
0.04,20.0,65.08333333333334,59.666666666666686,-5.416666666666657,no_inspect,no_inspect
0.04,22.5,64.97916666666669,59.666666666666686,-5.3125,no_inspect,no_inspect
0.04,25.0,64.87500000000003,59.666666666666686,-5.208333333333343,no_inspect,no_inspect
0.04,27.5,64.77083333333334,59.666666666666686,-5.104166666666657,no_inspect,no_inspect
0.04,30.0,64.66666666666669,59.666666666666686,-5.0,no_inspect,no_inspect
0.04,32.5,64.56250000000003,59.666666666666686,-4.895833333333343,no_inspect,no_inspect
0.04,35.0,64.45833333333334,59.666666666666686,-4.791666666666657,no_inspect,no_inspect
0.04,37.5,64.35416666666669,59.666666666666686,-4.6875,no_inspect,no_inspect
0.04,40.0,64.25000000000003,59.666666666666686,-4.583333333333343,no_inspect,no_inspect
0.04,42.5,64.14583333333334,59.666666666666686,-4.479166666666657,no_inspect,no_inspect
0.04,45.0,64.04166666666669,59.666666666666686,-4.375,no_inspect,no_inspect
0.04,47.5,63.93750000000003,59.666666666666686,-4.270833333333343,no_inspect,no_inspect
0.04,50.0,63.83333333333334,59.666666666666686,-4.166666666666657,no_inspect,no_inspect
0.04,52.5,63.729166666666686,59.666666666666686,-4.0625,no_inspect,no_inspect
0.04,55.0,63.62500000000003,59.666666666666686,-3.958333333333343,no_inspect,no_inspect
0.04,57.5,63.52083333333334,59.666666666666686,-3.854166666666657,no_inspect,no_inspect
0.04,60.0,63.416666666666686,59.666666666666686,-3.75,no_inspect,no_inspect
0.04,62.5,63.31250000000003,59.666666666666686,-3.645833333333343,no_inspect,no_inspect
0.04,65.0,63.20833333333334,59.666666666666686,-3.541666666666657,no_inspect,no_inspect
0.04,67.5,63.104166666666686,59.666666666666686,-3.4375,no_inspect,no_inspect
0.04,70.0,63.00000000000003,59.666666666666686,-3.333333333333343,no_inspect,no_inspect
0.04,72.5,62.89583333333334,59.666666666666686,-3.229166666666657,no_inspect,no_inspect
0.04,75.0,62.791666666666686,59.666666666666686,-3.125,no_inspect,no_inspect
0.04,77.5,62.68750000000003,59.666666666666686,-3.020833333333343,no_inspect,no_inspect
0.04,80.0,62.58333333333334,59.666666666666686,-2.916666666666657,no_inspect,no_inspect
0.04,82.5,62.479166666666686,59.666666666666686,-2.8125,no_inspect,no_inspect
0.04,85.0,62.37500000000003,59.666666666666686,-2.708333333333343,no_inspect,no_inspect
0.04,87.5,62.27083333333334,59.666666666666686,-2.604166666666657,no_inspect,no_inspect
0.04,90.0,62.166666666666686,59.666666666666686,-2.5,no_inspect,no_inspect
0.04,92.5,62.06250000000003,59.666666666666686,-2.395833333333343,no_inspect,no_inspect
0.04,95.0,61.95833333333334,59.666666666666686,-2.291666666666657,no_inspect,no_inspect
0.04,97.5,61.854166666666686,59.666666666666686,-2.1875,no_inspect,no_inspect
0.04,100.0,61.75,59.666666666666686,-2.0833333333333144,no_inspect,no_inspect
0.045,0.0,65.81849912739966,59.53577661431066,-6.2827225130889985,no_inspect,no_inspect
0.045,2.5,65.70069808027924,59.53577661431066,-6.164921465968575,no_inspect,no_inspect
0.045,5.0,65.58289703315884,59.53577661431066,-6.047120418848181,no_inspect,no_inspect
0.045,7.5,65.46509598603842,59.53577661431066,-5.9293193717277575,no_inspect,no_inspect
0.045,10.0,65.347294938918,59.53577661431066,-5.811518324607334,no_inspect,no_inspect
0.045,12.5,65.22949389179757,59.53577661431066,-5.693717277486911,no_inspect,no_inspect
0.045,15.0,65.11169284467715,59.53577661431066,-5.575916230366488,no_inspect,no_inspect
0.045,17.5,64.99389179755673,59.53577661431066,-5.458115183246065,no_inspect,no_inspect
0.045,20.0,64.8760907504363,59.53577661431066,-5.340314136125642,no_inspect,no_inspect
0.045,22.5,64.75828970331591,59.53577661431066,-5.222513089005247,no_inspect,no_inspect
0.045,25.0,64.64048865619549,59.53577661431066,-5.104712041884824,no_inspect,no_inspect
0.045,27.5,64.52268760907506,59.53577661431066,-4.986910994764401,no_inspect,no_inspect
0.045,30.0,64.40488656195464,59.53577661431066,-4.869109947643977,no_inspect,no_inspect
0.045,32.5,64.28708551483422,59.53577661431066,-4.751308900523554,no_inspect,no_inspect
0.045,35.0,64.1692844677138,59.53577661431066,-4.633507853403131,no_inspect,no_inspect
0.045,37.5,64.05148342059337,59.53577661431066,-4.515706806282708,no_inspect,no_inspect
0.045,40.0,63.933682373472976,59.53577661431066,-4.397905759162313,no_inspect,no_inspect
0.045,42.5,63.81588132635255,59.53577661431066,-4.28010471204189,no_inspect,no_inspect
0.045,45.0,63.69808027923213,59.53577661431066,-4.162303664921467,no_inspect,no_inspect
0.045,47.5,63.58027923211171,59.53577661431066,-4.044502617801044,no_inspect,no_inspect
0.045,50.0,63.462478184991284,59.53577661431066,-3.9267015706806205,no_inspect,no_inspect
0.045,52.5,63.34467713787086,59.53577661431066,-3.8089005235601974,no_inspect,no_inspect
0.045,55.0,63.226876090750466,59.53577661431066,-3.6910994764398026,no_inspect,no_inspect
0.045,57.5,63.10907504363004,59.53577661431066,-3.5732984293193795,no_inspect,no_inspect
0.045,60.0,62.99127399650962,59.53577661431066,-3.4554973821989563,no_inspect,no_inspect
0.045,62.5,62.873472949389196,59.53577661431066,-3.337696335078533,no_inspect,no_inspect
0.045,65.0,62.75567190226877,59.53577661431066,-3.21989528795811,no_inspect,no_inspect
0.045,67.5,62.63787085514835,59.53577661431066,-3.102094240837687,no_inspect,no_inspect
0.045,70.0,62.52006980802793,59.53577661431066,-2.9842931937172636,no_inspect,no_inspect
0.045,72.5,62.40226876090753,59.53577661431066,-2.866492146596869,no_inspect,no_inspect
0.045,75.0,62.28446771378711,59.53577661431066,-2.7486910994764457,no_inspect,no_inspect
0.045,77.5,62.166666666666686,59.53577661431066,-2.6308900523560226,no_inspect,no_inspect
0.045,80.0,62.04886561954626,59.53577661431066,-2.5130890052355994,no_inspect,no_inspect
0.045,82.5,61.93106457242584,59.53577661431066,-2.3952879581151763,no_inspect,no_inspect
0.045,85.0,61.813263525305416,59.53577661431066,-2.277486910994753,no_inspect,no_inspect
0.045,87.5,61.69546247818499,59.53577661431066,-2.15968586387433,no_inspect,no_inspect
0.045,90.0,61.5776614310646,59.53577661431066,-2.041884816753935,no_inspect,no_inspect
0.045,92.5,61.459860383944175,59.53577661431066,-1.924083769633512,no_inspect,no_inspect
0.045,95.0,61.34205933682375,59.53577661431066,-1.8062827225130889,no_inspect,no_inspect
0.045,97.5,61.22425828970333,59.53577661431066,-1.6884816753926657,no_inspect,no_inspect
0.045,100.0,61.106457242582906,59.53577661431066,-1.5706806282722425,no_inspect,no_inspect
0.05,0.0,65.71929824561406,59.403508771929836,-6.3157894736842195,no_inspect,no_inspect
0.05,2.5,65.58771929824564,59.403508771929836,-6.184210526315809,no_inspect,no_inspect
0.05,5.0,65.4561403508772,59.403508771929836,-6.05263157894737,no_inspect,no_inspect
0.05,7.5,65.3245614035088,59.403508771929836,-5.921052631578959,no_inspect,no_inspect
0.05,10.0,65.19298245614036,59.403508771929836,-5.78947368421052,no_inspect,no_inspect
0.05,12.5,65.06140350877195,59.403508771929836,-5.65789473684211,no_inspect,no_inspect
0.05,15.0,64.92982456140354,59.403508771929836,-5.526315789473699,no_inspect,no_inspect
0.05,17.5,64.7982456140351,59.403508771929836,-5.39473684210526,no_inspect,no_inspect
0.05,20.0,64.66666666666669,59.403508771929836,-5.26315789473685,no_inspect,no_inspect
0.05,22.5,64.53508771929828,59.403508771929836,-5.131578947368439,no_inspect,no_inspect
0.05,25.0,64.40350877192984,59.403508771929836,-5.0,no_inspect,no_inspect
0.05,27.5,64.27192982456143,59.403508771929836,-4.868421052631589,no_inspect,no_inspect
0.05,30.0,64.14035087719299,59.403508771929836,-4.73684210526315,no_inspect,no_inspect
0.05,32.5,64.00877192982458,59.403508771929836,-4.60526315789474,no_inspect,no_inspect
0.05,35.0,63.877192982456165,59.403508771929836,-4.473684210526329,no_inspect,no_inspect
0.05,37.5,63.745614035087726,59.403508771929836,-4.34210526315789,no_inspect,no_inspect
0.05,40.0,63.614035087719316,59.403508771929836,-4.21052631578948,no_inspect,no_inspect
0.05,42.5,63.482456140350905,59.403508771929836,-4.078947368421069,no_inspect,no_inspect
0.05,45.0,63.350877192982466,59.403508771929836,-3.94736842105263,no_inspect,no_inspect
0.05,47.5,63.219298245614056,59.403508771929836,-3.8157894736842195,no_inspect,no_inspect
0.05,50.0,63.08771929824562,59.403508771929836,-3.6842105263157805,no_inspect,no_inspect
0.05,52.5,62.956140350877206,59.403508771929836,-3.55263157894737,no_inspect,no_inspect
0.05,55.0,62.824561403508795,59.403508771929836,-3.4210526315789593,no_inspect,no_inspect
0.05,57.5,62.692982456140356,59.403508771929836,-3.2894736842105203,no_inspect,no_inspect
0.05,60.0,62.561403508771946,59.403508771929836,-3.1578947368421098,no_inspect,no_inspect
0.05,62.5,62.429824561403535,59.403508771929836,-3.026315789473699,no_inspect,no_inspect
0.05,65.0,62.298245614035096,59.403508771929836,-2.89473684210526,no_inspect,no_inspect
0.05,67.5,62.166666666666686,59.403508771929836,-2.7631578947368496,no_inspect,no_inspect
0.05,70.0,62.03508771929825,59.403508771929836,-2.6315789473684106,no_inspect,no_inspect
0.05,72.5,61.903508771929836,59.403508771929836,-2.5,no_inspect,no_inspect
0.05,75.0,61.771929824561425,59.403508771929836,-2.3684210526315894,no_inspect,no_inspect
0.05,77.5,61.640350877192986,59.403508771929836,-2.2368421052631504,no_inspect,no_inspect
0.05,80.0,61.508771929824576,59.403508771929836,-2.10526315789474,no_inspect,no_inspect
0.05,82.5,61.377192982456165,59.403508771929836,-1.9736842105263293,no_inspect,no_inspect
0.05,85.0,61.245614035087726,59.403508771929836,-1.8421052631578902,no_inspect,no_inspect
0.05,87.5,61.114035087719316,59.403508771929836,-1.7105263157894797,no_inspect,no_inspect
0.05,90.0,60.982456140350905,59.403508771929836,-1.578947368421069,no_inspect,no_inspect
0.05,92.5,60.850877192982466,59.403508771929836,-1.44736842105263,no_inspect,no_inspect
0.05,95.0,60.719298245614056,59.403508771929836,-1.3157894736842195,no_inspect,no_inspect
0.05,97.5,60.58771929824562,59.403508771929836,-1.1842105263157805,no_inspect,no_inspect
0.05,100.0,60.456140350877206,59.403508771929836,-1.05263157894737,no_inspect,no_inspect
0.055,0.0,65.61904761904765,59.269841269841294,-6.349206349206355,no_inspect,no_inspect
0.055,2.5,65.47354497354499,59.269841269841294,-6.203703703703695,no_inspect,no_inspect
0.055,5.0,65.32804232804236,59.269841269841294,-6.058201058201064,no_inspect,no_inspect
0.055,7.5,65.1825396825397,59.269841269841294,-5.912698412698404,no_inspect,no_inspect
0.055,10.0,65.03703703703707,59.269841269841294,-5.767195767195773,no_inspect,no_inspect
0.055,12.5,64.8915343915344,59.269841269841294,-5.621693121693113,no_inspect,no_inspect
0.055,15.0,64.74603174603178,59.269841269841294,-5.476190476190482,no_inspect,no_inspect
0.055,17.5,64.60052910052912,59.269841269841294,-5.330687830687822,no_inspect,no_inspect
0.055,20.0,64.45502645502648,59.269841269841294,-5.1851851851851904,no_inspect,no_inspect
0.055,22.5,64.30952380952382,59.269841269841294,-5.039682539682531,no_inspect,no_inspect
0.055,25.0,64.1640211640212,59.269841269841294,-4.894179894179899,no_inspect,no_inspect
0.055,27.5,64.01851851851853,59.269841269841294,-4.7486772486772395,no_inspect,no_inspect
0.055,30.0,63.8730158730159,59.269841269841294,-4.603174603174608,no_inspect,no_inspect
0.055,32.5,63.72751322751324,59.269841269841294,-4.457671957671948,no_inspect,no_inspect
0.055,35.0,63.58201058201061,59.269841269841294,-4.312169312169317,no_inspect,no_inspect
0.055,37.5,63.43650793650795,59.269841269841294,-4.166666666666657,no_inspect,no_inspect
0.055,40.0,63.29100529100532,59.269841269841294,-4.021164021164026,no_inspect,no_inspect
0.055,42.5,63.14550264550266,59.269841269841294,-3.875661375661366,no_inspect,no_inspect
0.055,45.0,63.00000000000003,59.269841269841294,-3.7301587301587347,no_inspect,no_inspect
0.055,47.5,62.85449735449737,59.269841269841294,-3.584656084656075,no_inspect,no_inspect
0.055,50.0,62.70899470899474,59.269841269841294,-3.4391534391534435,no_inspect,no_inspect
0.055,52.5,62.56349206349208,59.269841269841294,-3.2936507936507837,no_inspect,no_inspect
0.055,55.0,62.417989417989446,59.269841269841294,-3.1481481481481524,no_inspect,no_inspect
0.055,57.5,62.272486772486786,59.269841269841294,-3.0026455026454926,no_inspect,no_inspect
0.055,60.0,62.126984126984155,59.269841269841294,-2.857142857142861,no_inspect,no_inspect
0.055,62.5,61.981481481481495,59.269841269841294,-2.7116402116402014,no_inspect,no_inspect
0.055,65.0,61.835978835978864,59.269841269841294,-2.56613756613757,no_inspect,no_inspect
0.055,67.5,61.690476190476204,59.269841269841294,-2.4206349206349103,no_inspect,no_inspect
0.055,70.0,61.54497354497357,59.269841269841294,-2.275132275132279,no_inspect,no_inspect
0.055,72.5,61.39947089947091,59.269841269841294,-2.129629629629619,no_inspect,no_inspect
0.055,75.0,61.25396825396828,59.269841269841294,-1.9841269841269877,no_inspect,no_inspect
0.055,77.5,61.10846560846562,59.269841269841294,-1.838624338624328,no_inspect,no_inspect
0.055,80.0,60.96296296296299,59.269841269841294,-1.6931216931216966,no_inspect,no_inspect
0.055,82.5,60.81746031746033,59.269841269841294,-1.5476190476190368,no_inspect,no_inspect
0.055,85.0,60.67195767195767,59.269841269841294,-1.402116402116377,no_inspect,no_inspect
0.055,87.5,60.52645502645504,59.269841269841294,-1.2566137566137456,no_inspect,no_inspect
0.055,90.0,60.38095238095241,59.269841269841294,-1.1111111111111143,no_inspect,no_inspect
0.055,92.5,60.23544973544975,59.269841269841294,-0.9656084656084545,no_inspect,no_inspect
0.055,95.0,60.08994708994709,59.269841269841294,-0.8201058201057947,no_inspect,no_inspect
0.055,97.5,59.94444444444446,59.269841269841294,-0.6746031746031633,no_inspect,no_inspect
0.055,100.0,59.798941798941826,59.269841269841294,-0.529100529100532,no_inspect,no_inspect
0.06,0.0,65.51773049645391,59.13475177304966,-6.38297872340425,no_inspect,no_inspect
0.06,2.5,65.35815602836882,59.13475177304966,-6.223404255319167,no_inspect,no_inspect
0.06,5.0,65.19858156028371,59.13475177304966,-6.063829787234056,no_inspect,no_inspect
0.06,7.5,65.0390070921986,59.13475177304966,-5.904255319148945,no_inspect,no_inspect
0.06,10.0,64.87943262411349,59.13475177304966,-5.744680851063833,no_inspect,no_inspect
0.06,12.5,64.71985815602838,59.13475177304966,-5.585106382978722,no_inspect,no_inspect
0.06,15.0,64.56028368794327,59.13475177304966,-5.425531914893611,no_inspect,no_inspect
0.06,17.5,64.40070921985819,59.13475177304966,-5.265957446808528,no_inspect,no_inspect
0.06,20.0,64.24113475177307,59.13475177304966,-5.106382978723417,no_inspect,no_inspect
0.06,22.5,64.08156028368796,59.13475177304966,-4.946808510638306,no_inspect,no_inspect
0.06,25.0,63.92198581560285,59.13475177304966,-4.7872340425531945,no_inspect,no_inspect
0.06,27.5,63.76241134751774,59.13475177304966,-4.627659574468083,no_inspect,no_inspect
0.06,30.0,63.60283687943263,59.13475177304966,-4.468085106382972,no_inspect,no_inspect
0.06,32.5,63.44326241134755,59.13475177304966,-4.308510638297889,no_inspect,no_inspect
0.06,35.0,63.283687943262436,59.13475177304966,-4.148936170212778,no_inspect,no_inspect
0.06,37.5,63.124113475177325,59.13475177304966,-3.989361702127667,no_inspect,no_inspect
0.06,40.0,62.96453900709221,59.13475177304966,-3.8297872340425556,no_inspect,no_inspect
0.06,42.5,62.8049645390071,59.13475177304966,-3.6702127659574444,no_inspect,no_inspect
0.06,45.0,62.64539007092199,59.13475177304966,-3.510638297872333,no_inspect,no_inspect
0.06,47.5,62.48581560283691,59.13475177304966,-3.3510638297872504,no_inspect,no_inspect
0.06,50.0,62.3262411347518,59.13475177304966,-3.191489361702139,no_inspect,no_inspect
0.06,52.5,62.166666666666686,59.13475177304966,-3.031914893617028,no_inspect,no_inspect
0.06,55.0,62.007092198581574,59.13475177304966,-2.8723404255319167,no_inspect,no_inspect
0.06,57.5,61.84751773049646,59.13475177304966,-2.7127659574468055,no_inspect,no_inspect
0.06,60.0,61.68794326241135,59.13475177304966,-2.5531914893616943,no_inspect,no_inspect
0.06,62.5,61.52836879432624,59.13475177304966,-2.393617021276583,no_inspect,no_inspect
0.06,65.0,61.36879432624116,59.13475177304966,-2.2340425531915002,no_inspect,no_inspect
0.06,67.5,61.20921985815605,59.13475177304966,-2.074468085106389,no_inspect,no_inspect
0.06,70.0,61.049645390070935,59.13475177304966,-1.9148936170212778,no_inspect,no_inspect
0.06,72.5,60.890070921985824,59.13475177304966,-1.7553191489361666,no_inspect,no_inspect
0.06,75.0,60.73049645390071,59.13475177304966,-1.5957446808510554,no_inspect,no_inspect
0.06,77.5,60.57092198581563,59.13475177304966,-1.4361702127659726,no_inspect,no_inspect
0.06,80.0,60.41134751773052,59.13475177304966,-1.2765957446808613,no_inspect,no_inspect
0.06,82.5,60.25177304964541,59.13475177304966,-1.1170212765957501,no_inspect,no_inspect
0.06,85.0,60.0921985815603,59.13475177304966,-0.9574468085106389,no_inspect,no_inspect
0.06,87.5,59.932624113475185,59.13475177304966,-0.7978723404255277,no_inspect,no_inspect
0.06,90.0,59.773049645390074,59.13475177304966,-0.6382978723404165,no_inspect,no_inspect
0.06,92.5,59.61347517730499,59.13475177304966,-0.47872340425533366,no_inspect,no_inspect
0.06,95.0,59.45390070921988,59.13475177304966,-0.31914893617022244,no_inspect,no_inspect
0.06,97.5,59.29432624113477,59.13475177304966,-0.15957446808511122,no_inspect,no_inspect
0.06,100.0,59.13475177304966,59.13475177304966,0.0,tie,tie
0.065,0.0,65.41532976827096,58.998217468805734,-6.417112299465231,no_inspect,no_inspect
0.065,2.5,65.2415329768271,58.998217468805734,-6.243315508021368,no_inspect,no_inspect
0.065,5.0,65.06773618538327,58.998217468805734,-6.069518716577534,no_inspect,no_inspect
0.065,7.5,64.8939393939394,58.998217468805734,-5.895721925133671,no_inspect,no_inspect
0.065,10.0,64.72014260249557,58.998217468805734,-5.721925133689837,no_inspect,no_inspect
0.065,12.5,64.54634581105171,58.998217468805734,-5.548128342245974,no_inspect,no_inspect
0.065,15.0,64.37254901960787,58.998217468805734,-5.37433155080214,no_inspect,no_inspect
0.065,17.5,64.19875222816401,58.998217468805734,-5.200534759358277,no_inspect,no_inspect
0.065,20.0,64.02495543672018,58.998217468805734,-5.026737967914443,no_inspect,no_inspect
0.065,22.5,63.851158645276314,58.998217468805734,-4.85294117647058,no_inspect,no_inspect
0.065,25.0,63.67736185383245,58.998217468805734,-4.679144385026717,no_inspect,no_inspect
0.065,27.5,63.50356506238862,58.998217468805734,-4.505347593582883,no_inspect,no_inspect
0.065,30.0,63.329768270944754,58.998217468805734,-4.33155080213902,no_inspect,no_inspect
0.065,32.5,63.15597147950092,58.998217468805734,-4.157754010695186,no_inspect,no_inspect
0.065,35.0,62.98217468805706,58.998217468805734,-3.983957219251323,no_inspect,no_inspect
0.065,37.5,62.80837789661322,58.998217468805734,-3.8101604278074888,no_inspect,no_inspect
0.065,40.0,62.63458110516936,58.998217468805734,-3.636363636363626,no_inspect,no_inspect
0.065,42.5,62.460784313725526,58.998217468805734,-3.4625668449197917,no_inspect,no_inspect
0.065,45.0,62.28698752228166,58.998217468805734,-3.288770053475929,no_inspect,no_inspect
0.065,47.5,62.1131907308378,58.998217468805734,-3.1149732620320663,no_inspect,no_inspect
0.065,50.0,61.939393939393966,58.998217468805734,-2.941176470588232,no_inspect,no_inspect
0.065,52.5,61.7655971479501,58.998217468805734,-2.767379679144369,no_inspect,no_inspect
0.065,55.0,61.59180035650627,58.998217468805734,-2.593582887700535,no_inspect,no_inspect
0.065,57.5,61.418003565062406,58.998217468805734,-2.419786096256672,no_inspect,no_inspect
0.065,60.0,61.24420677361857,58.998217468805734,-2.245989304812838,no_inspect,no_inspect
0.065,62.5,61.07040998217471,58.998217468805734,-2.072192513368975,no_inspect,no_inspect
0.065,65.0,60.896613190730875,58.998217468805734,-1.8983957219251408,no_inspect,no_inspect
0.065,67.5,60.72281639928701,58.998217468805734,-1.724598930481278,no_inspect,no_inspect
0.065,70.0,60.54901960784315,58.998217468805734,-1.5508021390374154,no_inspect,no_inspect
0.065,72.5,60.375222816399315,58.998217468805734,-1.377005347593581,no_inspect,no_inspect
0.065,75.0,60.20142602495545,58.998217468805734,-1.2032085561497183,no_inspect,no_inspect
0.065,77.5,60.02762923351162,58.998217468805734,-1.029411764705884,no_inspect,no_inspect
0.065,80.0,59.853832442067755,58.998217468805734,-0.8556149732620213,no_inspect,no_inspect
0.065,82.5,59.68003565062392,58.998217468805734,-0.681818181818187,no_inspect,no_inspect
0.065,85.0,59.50623885918006,58.998217468805734,-0.5080213903743243,no_inspect,no_inspect
0.065,87.5,59.332442067736224,58.998217468805734,-0.33422459893048995,no_inspect,no_inspect
0.065,90.0,59.15864527629236,58.998217468805734,-0.16042780748662722,no_inspect,no_inspect
0.065,92.5,58.9848484848485,58.998217468805734,0.013368983957235514,inspect,inspect
0.065,95.0,58.811051693404664,58.998217468805734,0.18716577540106982,inspect,inspect
0.065,97.5,58.6372549019608,58.998217468805734,0.36096256684493255,inspect,inspect
0.065,100.0,58.46345811051697,58.998217468805734,0.5347593582887669,inspect,inspect
0.07,0.0,65.31182795698928,58.860215053763454,-6.451612903225822,no_inspect,no_inspect
0.07,2.5,65.12365591397852,58.860215053763454,-6.26344086021507,no_inspect,no_inspect
0.07,5.0,64.93548387096777,58.860215053763454,-6.075268817204318,no_inspect,no_inspect
0.07,7.5,64.74731182795702,58.860215053763454,-5.887096774193566,no_inspect,no_inspect
0.07,10.0,64.55913978494624,58.860215053763454,-5.698924731182785,no_inspect,no_inspect
0.07,12.5,64.37096774193549,58.860215053763454,-5.510752688172033,no_inspect,no_inspect
0.07,15.0,64.18279569892474,58.860215053763454,-5.322580645161281,no_inspect,no_inspect
0.07,17.5,63.99462365591398,58.860215053763454,-5.134408602150529,no_inspect,no_inspect
0.07,20.0,63.80645161290323,58.860215053763454,-4.946236559139777,no_inspect,no_inspect
0.07,22.5,63.61827956989248,58.860215053763454,-4.758064516129025,no_inspect,no_inspect
0.07,25.0,63.43010752688173,58.860215053763454,-4.569892473118273,no_inspect,no_inspect
0.07,27.5,63.241935483870975,58.860215053763454,-4.381720430107521,no_inspect,no_inspect
0.07,30.0,63.05376344086022,58.860215053763454,-4.193548387096769,no_inspect,no_inspect
0.07,32.5,62.86559139784947,58.860215053763454,-4.005376344086017,no_inspect,no_inspect
0.07,35.0,62.67741935483872,58.860215053763454,-3.8172043010752645,no_inspect,no_inspect
0.07,37.5,62.48924731182797,58.860215053763454,-3.6290322580645125,no_inspect,no_inspect
0.07,40.0,62.301075268817215,58.860215053763454,-3.4408602150537604,no_inspect,no_inspect
0.07,42.5,62.11290322580646,58.860215053763454,-3.2526881720430083,no_inspect,no_inspect
0.07,45.0,61.92473118279571,58.860215053763454,-3.0645161290322562,no_inspect,no_inspect
0.07,47.5,61.73655913978496,58.860215053763454,-2.876344086021504,no_inspect,no_inspect
0.07,50.0,61.548387096774206,58.860215053763454,-2.688172043010752,no_inspect,no_inspect
0.07,52.5,61.360215053763454,58.860215053763454,-2.5,no_inspect,no_inspect
0.07,55.0,61.1720430107527,58.860215053763454,-2.311827956989248,no_inspect,no_inspect
0.07,57.5,60.98387096774195,58.860215053763454,-2.123655913978496,no_inspect,no_inspect
0.07,60.0,60.7956989247312,58.860215053763454,-1.9354838709677438,no_inspect,no_inspect
0.07,62.5,60.607526881720446,58.860215053763454,-1.7473118279569917,no_inspect,no_inspect
0.07,65.0,60.419354838709694,58.860215053763454,-1.5591397849462396,no_inspect,no_inspect
0.07,67.5,60.23118279569894,58.860215053763454,-1.3709677419354875,no_inspect,no_inspect
0.07,70.0,60.04301075268819,58.860215053763454,-1.1827956989247355,no_inspect,no_inspect
0.07,72.5,59.85483870967744,58.860215053763454,-0.9946236559139834,no_inspect,no_inspect
0.07,75.0,59.666666666666686,58.860215053763454,-0.8064516129032313,no_inspect,no_inspect
0.07,77.5,59.47849462365593,58.860215053763454,-0.6182795698924792,no_inspect,no_inspect
0.07,80.0,59.29032258064518,58.860215053763454,-0.43010752688172715,no_inspect,no_inspect
0.07,82.5,59.10215053763443,58.860215053763454,-0.24193548387097508,no_inspect,no_inspect
0.07,85.0,58.91397849462368,58.860215053763454,-0.053763440860223,no_inspect,no_inspect
0.07,87.5,58.725806451612925,58.860215053763454,0.13440860215052908,inspect,inspect
0.07,90.0,58.53763440860217,58.860215053763454,0.32258064516128115,inspect,inspect
0.07,92.5,58.34946236559142,58.860215053763454,0.5107526881720332,inspect,inspect
0.07,95.0,58.16129032258067,58.860215053763454,0.6989247311827853,inspect,inspect
0.07,97.5,57.97311827956992,58.860215053763454,0.8870967741935374,inspect,inspect
0.07,100.0,57.784946236559165,58.860215053763454,1.0752688172042895,inspect,inspect
0.07500000000000001,0.0,65.20720720720723,58.72072072072075,-6.486486486486484,no_inspect,no_inspect
0.07500000000000001,2.5,65.00450450450452,58.72072072072075,-6.283783783783775,no_inspect,no_inspect
0.07500000000000001,5.0,64.80180180180182,58.72072072072075,-6.0810810810810665,no_inspect,no_inspect
0.07500000000000001,7.5,64.5990990990991,58.72072072072075,-5.878378378378358,no_inspect,no_inspect
0.07500000000000001,10.0,64.39639639639643,58.72072072072075,-5.675675675675677,no_inspect,no_inspect
0.07500000000000001,12.5,64.19369369369372,58.72072072072075,-5.472972972972968,no_inspect,no_inspect
0.07500000000000001,15.0,63.99099099099101,58.72072072072075,-5.2702702702702595,no_inspect,no_inspect
0.07500000000000001,17.5,63.7882882882883,58.72072072072075,-5.067567567567551,no_inspect,no_inspect
0.07500000000000001,20.0,63.58558558558562,58.72072072072075,-4.86486486486487,no_inspect,no_inspect
0.07500000000000001,22.5,63.38288288288291,58.72072072072075,-4.662162162162161,no_inspect,no_inspect
0.07500000000000001,25.0,63.1801801801802,58.72072072072075,-4.4594594594594525,no_inspect,no_inspect
0.07500000000000001,27.5,62.97747747747749,58.72072072072075,-4.256756756756744,no_inspect,no_inspect
0.07500000000000001,30.0,62.774774774774784,58.72072072072075,-4.054054054054035,no_inspect,no_inspect
0.07500000000000001,32.5,62.5720720720721,58.72072072072075,-3.8513513513513544,no_inspect,no_inspect
0.07500000000000001,35.0,62.369369369369394,58.72072072072075,-3.6486486486486456,no_inspect,no_inspect
0.07500000000000001,37.5,62.166666666666686,58.72072072072075,-3.4459459459459367,no_inspect,no_inspect
0.07500000000000001,40.0,61.96396396396398,58.72072072072075,-3.243243243243228,no_inspect,no_inspect
0.07500000000000001,42.5,61.761261261261296,58.72072072072075,-3.0405405405405475,no_inspect,no_inspect
0.07500000000000001,45.0,61.55855855855859,58.72072072072075,-2.8378378378378386,no_inspect,no_inspect
0.07500000000000001,47.5,61.35585585585588,58.72072072072075,-2.6351351351351298,no_inspect,no_inspect
0.07500000000000001,50.0,61.15315315315317,58.72072072072075,-2.432432432432421,no_inspect,no_inspect
0.07500000000000001,52.5,60.95045045045046,58.72072072072075,-2.229729729729712,no_inspect,no_inspect
0.07500000000000001,55.0,60.74774774774778,58.72072072072075,-2.0270270270270316,no_inspect,no_inspect
0.07500000000000001,57.5,60.54504504504507,58.72072072072075,-1.8243243243243228,no_inspect,no_inspect
0.07500000000000001,60.0,60.34234234234236,58.72072072072075,-1.621621621621614,no_inspect,no_inspect
0.07500000000000001,62.5,60.139639639639654,58.72072072072075,-1.418918918918905,no_inspect,no_inspect
0.07500000000000001,65.0,59.93693693693697,58.72072072072075,-1.2162162162162247,no_inspect,no_inspect
0.07500000000000001,67.5,59.734234234234265,58.72072072072075,-1.0135135135135158,no_inspect,no_inspect
0.07500000000000001,70.0,59.531531531531556,58.72072072072075,-0.810810810810807,no_inspect,no_inspect
0.07500000000000001,72.5,59.32882882882885,58.72072072072075,-0.6081081081080981,no_inspect,no_inspect
0.07500000000000001,75.0,59.12612612612614,58.72072072072075,-0.4054054054053893,no_inspect,no_inspect
0.07500000000000001,77.5,58.92342342342346,58.72072072072075,-0.20270270270270885,no_inspect,no_inspect
0.07500000000000001,80.0,58.72072072072075,58.72072072072075,0.0,tie,inspect
0.07500000000000001,82.5,58.51801801801804,58.72072072072075,0.20270270270270885,inspect,inspect
0.07500000000000001,85.0,58.31531531531533,58.72072072072075,0.4054054054054177,inspect,inspect
0.07500000000000001,87.5,58.11261261261262,58.72072072072075,0.6081081081081265,inspect,inspect
0.07500000000000001,90.0,57.90990990990994,58.72072072072075,0.810810810810807,inspect,inspect
0.07500000000000001,92.5,57.70720720720723,58.72072072072075,1.0135135135135158,inspect,inspect
0.07500000000000001,95.0,57.504504504504524,58.72072072072075,1.2162162162162247,inspect,inspect
0.07500000000000001,97.5,57.301801801801815,58.72072072072075,1.4189189189189335,inspect,inspect
0.07500000000000001,100.0,57.099099099099135,58.72072072072075,1.621621621621614,inspect,inspect
0.08,0.0,65.10144927536234,58.57971014492756,-6.521739130434781,no_inspect,no_inspect
0.08,2.5,64.8840579710145,58.57971014492756,-6.304347826086939,no_inspect,no_inspect
0.08,5.0,64.66666666666669,58.57971014492756,-6.0869565217391255,no_inspect,no_inspect
0.08,7.5,64.44927536231887,58.57971014492756,-5.869565217391312,no_inspect,no_inspect
0.08,10.0,64.23188405797103,58.57971014492756,-5.65217391304347,no_inspect,no_inspect
0.08,12.5,64.01449275362322,58.57971014492756,-5.434782608695656,no_inspect,no_inspect
0.08,15.0,63.797101449275374,58.57971014492756,-5.217391304347814,no_inspect,no_inspect
0.08,17.5,63.57971014492756,58.57971014492756,-5.0,no_inspect,no_inspect
0.08,20.0,63.36231884057972,58.57971014492756,-4.782608695652158,no_inspect,no_inspect
0.08,22.5,63.144927536231904,58.57971014492756,-4.565217391304344,no_inspect,no_inspect
0.08,25.0,62.92753623188409,58.57971014492756,-4.34782608695653,no_inspect,no_inspect
0.08,27.5,62.71014492753625,58.57971014492756,-4.130434782608688,no_inspect,no_inspect
0.08,30.0,62.492753623188435,58.57971014492756,-3.9130434782608745,no_inspect,no_inspect
0.08,32.5,62.27536231884059,58.57971014492756,-3.6956521739130324,no_inspect,no_inspect
0.08,35.0,62.05797101449278,58.57971014492756,-3.4782608695652186,no_inspect,no_inspect
0.08,37.5,61.84057971014494,58.57971014492756,-3.2608695652173765,no_inspect,no_inspect
0.08,40.0,61.62318840579712,58.57971014492756,-3.0434782608695627,no_inspect,no_inspect
0.08,42.5,61.40579710144931,58.57971014492756,-2.826086956521749,no_inspect,no_inspect
0.08,45.0,61.18840579710147,58.57971014492756,-2.608695652173907,no_inspect,no_inspect
0.08,47.5,60.97101449275365,58.57971014492756,-2.391304347826093,no_inspect,no_inspect
0.08,50.0,60.75362318840581,58.57971014492756,-2.173913043478251,no_inspect,no_inspect
0.08,52.5,60.536231884058,58.57971014492756,-1.9565217391304373,no_inspect,no_inspect
0.08,55.0,60.318840579710155,58.57971014492756,-1.739130434782595,no_inspect,no_inspect
0.08,57.5,60.10144927536234,58.57971014492756,-1.5217391304347814,no_inspect,no_inspect
0.08,60.0,59.88405797101453,58.57971014492756,-1.3043478260869676,no_inspect,no_inspect
0.08,62.5,59.666666666666686,58.57971014492756,-1.0869565217391255,no_inspect,no_inspect
0.08,65.0,59.44927536231887,58.57971014492756,-0.8695652173913118,no_inspect,no_inspect
0.08,67.5,59.23188405797103,58.57971014492756,-0.6521739130434696,no_inspect,no_inspect
0.08,70.0,59.014492753623216,58.57971014492756,-0.4347826086956559,no_inspect,no_inspect
0.08,72.5,58.797101449275374,58.57971014492756,-0.21739130434781373,no_inspect,no_inspect
0.08,75.0,58.57971014492756,58.57971014492756,0.0,tie,tie
0.08,77.5,58.362318840579746,58.57971014492756,0.21739130434781373,inspect,inspect
0.08,80.0,58.144927536231904,58.57971014492756,0.4347826086956559,inspect,inspect
0.08,82.5,57.92753623188409,58.57971014492756,0.6521739130434696,inspect,inspect
0.08,85.0,57.71014492753625,58.57971014492756,0.8695652173913118,inspect,inspect
0.08,87.5,57.492753623188435,58.57971014492756,1.0869565217391255,inspect,inspect
0.08,90.0,57.27536231884059,58.57971014492756,1.3043478260869676,inspect,inspect
0.08,92.5,57.05797101449278,58.57971014492756,1.5217391304347814,inspect,inspect
0.08,95.0,56.840579710144965,58.57971014492756,1.739130434782595,inspect,inspect
0.08,97.5,56.62318840579712,58.57971014492756,1.9565217391304373,inspect,inspect
0.08,100.0,56.40579710144931,58.57971014492756,2.173913043478251,inspect,inspect
0.08499999999999999,0.0,64.99453551912569,58.43715846994539,-6.557377049180303,no_inspect,no_inspect
0.08499999999999999,2.5,64.76229508196724,58.43715846994539,-6.325136612021851,no_inspect,no_inspect
0.08499999999999999,5.0,64.53005464480876,58.43715846994539,-6.09289617486337,no_inspect,no_inspect
0.08499999999999999,7.5,64.2978142076503,58.43715846994539,-5.860655737704917,no_inspect,no_inspect
0.08499999999999999,10.0,64.06557377049182,58.43715846994539,-5.628415300546436,no_inspect,no_inspect
0.08499999999999999,12.5,63.83333333333334,58.43715846994539,-5.396174863387955,no_inspect,no_inspect
0.08499999999999999,15.0,63.60109289617489,58.43715846994539,-5.163934426229503,no_inspect,no_inspect
0.08499999999999999,17.5,63.36885245901641,58.43715846994539,-4.931693989071022,no_inspect,no_inspect
0.08499999999999999,20.0,63.13661202185796,58.43715846994539,-4.699453551912569,no_inspect,no_inspect
0.08499999999999999,22.5,62.904371584699476,58.43715846994539,-4.467213114754088,no_inspect,no_inspect
0.08499999999999999,25.0,62.672131147540995,58.43715846994539,-4.234972677595607,no_inspect,no_inspect
0.08499999999999999,27.5,62.43989071038254,58.43715846994539,-4.002732240437155,no_inspect,no_inspect
0.08499999999999999,30.0,62.20765027322406,58.43715846994539,-3.7704918032786736,no_inspect,no_inspect
0.08499999999999999,32.5,61.97540983606558,58.43715846994539,-3.5382513661201926,no_inspect,no_inspect
0.08499999999999999,35.0,61.74316939890713,58.43715846994539,-3.30601092896174,no_inspect,no_inspect
0.08499999999999999,37.5,61.51092896174865,58.43715846994539,-3.073770491803259,no_inspect,no_inspect
0.08499999999999999,40.0,61.278688524590194,58.43715846994539,-2.8415300546448066,no_inspect,no_inspect
0.08499999999999999,42.5,61.04644808743171,58.43715846994539,-2.6092896174863256,no_inspect,no_inspect
0.08499999999999999,45.0,60.81420765027323,58.43715846994539,-2.3770491803278446,no_inspect,no_inspect
0.08499999999999999,47.5,60.58196721311478,58.43715846994539,-2.144808743169392,no_inspect,no_inspect
0.08499999999999999,50.0,60.3497267759563,58.43715846994539,-1.912568306010911,no_inspect,no_inspect
0.08499999999999999,52.5,60.117486338797846,58.43715846994539,-1.6803278688524586,no_inspect,no_inspect
0.08499999999999999,55.0,59.885245901639365,58.43715846994539,-1.4480874316939776,no_inspect,no_inspect
0.08499999999999999,57.5,59.653005464480884,58.43715846994539,-1.2158469945354966,no_inspect,no_inspect
0.08499999999999999,60.0,59.42076502732243,58.43715846994539,-0.983606557377044,no_inspect,no_inspect
0.08499999999999999,62.5,59.18852459016395,58.43715846994539,-0.7513661202185631,no_inspect,no_inspect
0.08499999999999999,65.0,58.9562841530055,58.43715846994539,-0.5191256830601105,no_inspect,no_inspect
0.08499999999999999,67.5,58.72404371584702,58.43715846994539,-0.28688524590162956,no_inspect,no_inspect
0.08499999999999999,70.0,58.491803278688536,58.43715846994539,-0.05464480874314859,no_inspect,no_inspect
0.08499999999999999,72.5,58.259562841530084,58.43715846994539,0.17759562841530396,inspect,inspect
0.08499999999999999,75.0,58.0273224043716,58.43715846994539,0.40983606557378494,inspect,inspect
0.08499999999999999,77.5,57.79508196721315,58.43715846994539,0.6420765027322375,inspect,inspect
0.08499999999999999,80.0,57.56284153005467,58.43715846994539,0.8743169398907185,inspect,inspect
0.08499999999999999,82.5,57.33060109289619,58.43715846994539,1.1065573770491994,inspect,inspect
0.08499999999999999,85.0,57.098360655737736,58.43715846994539,1.338797814207652,inspect,inspect
0.08499999999999999,87.5,56.866120218579255,58.43715846994539,1.571038251366133,inspect,inspect
0.08499999999999999,90.0,56.633879781420774,58.43715846994539,1.803278688524614,inspect,inspect
0.08499999999999999,92.5,56.40163934426232,58.43715846994539,2.0355191256830665,inspect,inspect
0.08499999999999999,95.0,56.16939890710384,58.43715846994539,2.2677595628415474,inspect,inspect
0.08499999999999999,97.5,55.93715846994539,58.43715846994539,2.5,inspect,inspect
0.08499999999999999,100.0,55.70491803278691,58.43715846994539,2.732240437158481,inspect,inspect
0.09,0.0,64.88644688644692,58.29304029304032,-6.593406593406598,no_inspect,no_inspect
0.09,2.5,64.63919413919416,58.29304029304032,-6.34615384615384,no_inspect,no_inspect
0.09,5.0,64.3919413919414,58.29304029304032,-6.098901098901081,no_inspect,no_inspect
0.09,7.5,64.14468864468867,58.29304029304032,-5.85164835164835,no_inspect,no_inspect
0.09,10.0,63.89743589743591,58.29304029304032,-5.604395604395592,no_inspect,no_inspect
0.09,12.5,63.65018315018318,58.29304029304032,-5.357142857142861,no_inspect,no_inspect
0.09,15.0,63.40293040293042,58.29304029304032,-5.109890109890102,no_inspect,no_inspect
0.09,17.5,63.155677655677664,58.29304029304032,-4.862637362637344,no_inspect,no_inspect
0.09,20.0,62.908424908424934,58.29304029304032,-4.615384615384613,no_inspect,no_inspect
0.09,22.5,62.661172161172175,58.29304029304032,-4.368131868131854,no_inspect,no_inspect
0.09,25.0,62.413919413919444,58.29304029304032,-4.120879120879124,no_inspect,no_inspect
0.09,27.5,62.166666666666686,58.29304029304032,-3.873626373626365,no_inspect,no_inspect
0.09,30.0,61.91941391941393,58.29304029304032,-3.6263736263736064,no_inspect,no_inspect
0.09,32.5,61.672161172161196,58.29304029304032,-3.379120879120876,no_inspect,no_inspect
0.09,35.0,61.42490842490844,58.29304029304032,-3.131868131868117,no_inspect,no_inspect
0.09,37.5,61.17765567765571,58.29304029304032,-2.884615384615387,no_inspect,no_inspect
0.09,40.0,60.93040293040295,58.29304029304032,-2.637362637362628,no_inspect,no_inspect
0.09,42.5,60.68315018315022,58.29304029304032,-2.3901098901098976,no_inspect,no_inspect
0.09,45.0,60.43589743589746,58.29304029304032,-2.142857142857139,no_inspect,no_inspect
0.09,47.5,60.1886446886447,58.29304029304032,-1.89560439560438,no_inspect,no_inspect
0.09,50.0,59.94139194139197,58.29304029304032,-1.6483516483516496,no_inspect,no_inspect
0.09,52.5,59.69413919413921,58.29304029304032,-1.4010989010988908,no_inspect,no_inspect
0.09,55.0,59.44688644688648,58.29304029304032,-1.1538461538461604,no_inspect,no_inspect
0.09,57.5,59.19963369963372,58.29304029304032,-0.9065934065934016,no_inspect,no_inspect
0.09,60.0,58.95238095238096,58.29304029304032,-0.6593406593406428,no_inspect,no_inspect
0.09,62.5,58.70512820512823,58.29304029304032,-0.4120879120879124,no_inspect,no_inspect
0.09,65.0,58.457875457875474,58.29304029304032,-0.1648351648351536,no_inspect,no_inspect
0.09,67.5,58.210622710622744,58.29304029304032,0.0824175824175768,inspect,inspect
0.09,70.0,57.963369963369985,58.29304029304032,0.3296703296703356,inspect,inspect
0.09,72.5,57.716117216117226,58.29304029304032,0.5769230769230944,inspect,inspect
0.09,75.0,57.468864468864496,58.29304029304032,0.8241758241758248,inspect,inspect
0.09,77.5,57.22161172161174,58.29304029304032,1.0714285714285836,inspect,inspect
0.09,80.0,56.974358974359006,58.29304029304032,1.318681318681314,inspect,inspect
0.09,82.5,56.72710622710625,58.29304029304032,1.5659340659340728,inspect,inspect
0.09,85.0,56.47985347985349,58.29304029304032,1.8131868131868316,inspect,inspect
0.09,87.5,56.23260073260076,58.29304029304032,2.060439560439562,inspect,inspect
0.09,90.0,55.985347985348,58.29304029304032,2.307692307692321,inspect,inspect
0.09,92.5,55.73809523809527,58.29304029304032,2.554945054945051,inspect,inspect
0.09,95.0,55.49084249084251,58.29304029304032,2.80219780219781,inspect,inspect
0.09,97.5,55.24358974358978,58.29304029304032,3.0494505494505404,inspect,inspect
0.09,100.0,54.99633699633702,58.29304029304032,3.296703296703299,inspect,inspect
0.095,0.0,64.77716390423575,58.147329650092104,-6.6298342541436455,no_inspect,no_inspect
0.095,2.5,64.51473296500922,58.147329650092104,-6.367403314917112,no_inspect,no_inspect
0.095,5.0,64.25230202578271,58.147329650092104,-6.104972375690608,no_inspect,no_inspect
0.095,7.5,63.98987108655618,58.147329650092104,-5.842541436464074,no_inspect,no_inspect
0.095,10.0,63.72744014732967,58.147329650092104,-5.58011049723757,no_inspect,no_inspect
0.095,12.5,63.46500920810314,58.147329650092104,-5.3176795580110365,no_inspect,no_inspect
0.095,15.0,63.202578268876636,58.147329650092104,-5.055248618784532,no_inspect,no_inspect
0.095,17.5,62.9401473296501,58.147329650092104,-4.792817679557999,no_inspect,no_inspect
0.095,20.0,62.6777163904236,58.147329650092104,-4.530386740331494,no_inspect,no_inspect
0.095,22.5,62.415285451197065,58.147329650092104,-4.267955801104961,no_inspect,no_inspect
0.095,25.0,62.15285451197056,58.147329650092104,-4.005524861878456,no_inspect,no_inspect
0.095,27.5,61.89042357274403,58.147329650092104,-3.743093922651923,no_inspect,no_inspect
0.095,30.0,61.62799263351752,58.147329650092104,-3.480662983425418,no_inspect,no_inspect
0.095,32.5,61.36556169429099,58.147329650092104,-3.218232044198885,no_inspect,no_inspect
0.095,35.0,61.103130755064484,58.147329650092104,-2.9558011049723802,no_inspect,no_inspect
0.095,37.5,60.84069981583795,58.147329650092104,-2.693370165745847,no_inspect,no_inspect
0.095,40.0,60.578268876611446,58.147329650092104,-2.4309392265193424,no_inspect,no_inspect
0.095,42.5,60.31583793738491,58.147329650092104,-2.168508287292809,no_inspect,no_inspect
0.095,45.0,60.05340699815841,58.147329650092104,-1.9060773480663045,no_inspect,no_inspect
0.095,47.5,59.790976058931875,58.147329650092104,-1.6436464088397713,no_inspect,no_inspect
0.095,50.0,59.52854511970537,58.147329650092104,-1.3812154696132666,no_inspect,no_inspect
0.095,52.5,59.26611418047884,58.147329650092104,-1.1187845303867334,no_inspect,no_inspect
0.095,55.0,59.00368324125233,58.147329650092104,-0.8563535911602287,no_inspect,no_inspect
0.095,57.5,58.7412523020258,58.147329650092104,-0.5939226519336955,no_inspect,no_inspect
0.095,60.0,58.478821362799295,58.147329650092104,-0.3314917127071908,no_inspect,no_inspect
0.095,62.5,58.21639042357276,58.147329650092104,-0.06906077348065764,no_inspect,no_inspect
0.095,65.0,57.95395948434626,58.147329650092104,0.1933701657458471,inspect,inspect
0.095,67.5,57.69152854511972,58.147329650092104,0.45580110497238024,inspect,inspect
0.095,70.0,57.42909760589322,58.147329650092104,0.718232044198885,inspect,inspect
0.095,72.5,57.166666666666686,58.147329650092104,0.9806629834254181,inspect,inspect
0.095,75.0,56.90423572744018,58.147329650092104,1.2430939226519229,inspect,inspect
0.095,77.5,56.64180478821365,58.147329650092104,1.505524861878456,inspect,inspect
0.095,80.0,56.37937384898714,58.147329650092104,1.7679558011049608,inspect,inspect
0.095,82.5,56.11694290976061,58.147329650092104,2.030386740331494,inspect,inspect
0.095,85.0,55.854511970534105,58.147329650092104,2.2928176795579986,inspect,inspect
0.095,87.5,55.59208103130757,58.147329650092104,2.555248618784532,inspect,inspect
0.095,90.0,55.32965009208107,58.147329650092104,2.8176795580110365,inspect,inspect
0.095,92.5,55.067219152854534,58.147329650092104,3.0801104972375697,inspect,inspect
0.095,95.0,54.804788213628,58.147329650092104,3.342541436464103,inspect,inspect
0.095,97.5,54.542357274401496,58.147329650092104,3.6049723756906076,inspect,inspect
0.095,100.0,54.27992633517496,58.147329650092104,3.8674033149171407,inspect,inspect
0.1,0.0,64.66666666666669,58.00000000000003,-6.666666666666657,no_inspect,no_inspect
0.1,2.5,64.38888888888891,58.00000000000003,-6.388888888888886,no_inspect,no_inspect
0.1,5.0,64.11111111111114,58.00000000000003,-6.111111111111114,no_inspect,no_inspect
0.1,7.5,63.83333333333334,58.00000000000003,-5.833333333333314,no_inspect,no_inspect
0.1,10.0,63.55555555555557,58.00000000000003,-5.555555555555543,no_inspect,no_inspect
0.1,12.5,63.2777777777778,58.00000000000003,-5.2777777777777715,no_inspect,no_inspect
0.1,15.0,63.00000000000003,58.00000000000003,-5.0,no_inspect,no_inspect
0.1,17.5,62.72222222222223,58.00000000000003,-4.7222222222222,no_inspect,no_inspect
0.1,20.0,62.44444444444446,58.00000000000003,-4.444444444444429,no_inspect,no_inspect
0.1,22.5,62.166666666666686,58.00000000000003,-4.166666666666657,no_inspect,no_inspect
0.1,25.0,61.888888888888914,58.00000000000003,-3.8888888888888857,no_inspect,no_inspect
0.1,27.5,61.61111111111114,58.00000000000003,-3.6111111111111143,no_inspect,no_inspect
0.1,30.0,61.33333333333334,58.00000000000003,-3.3333333333333144,no_inspect,no_inspect
0.1,32.5,61.05555555555557,58.00000000000003,-3.055555555555543,no_inspect,no_inspect
0.1,35.0,60.7777777777778,58.00000000000003,-2.7777777777777715,no_inspect,no_inspect
0.1,37.5,60.50000000000003,58.00000000000003,-2.5,no_inspect,no_inspect
0.1,40.0,60.22222222222223,58.00000000000003,-2.2222222222222,no_inspect,no_inspect
0.1,42.5,59.94444444444446,58.00000000000003,-1.9444444444444287,no_inspect,no_inspect
0.1,45.0,59.666666666666686,58.00000000000003,-1.6666666666666572,no_inspect,no_inspect
0.1,47.5,59.388888888888914,58.00000000000003,-1.3888888888888857,no_inspect,no_inspect
0.1,50.0,59.11111111111114,58.00000000000003,-1.1111111111111143,no_inspect,no_inspect
0.1,52.5,58.83333333333334,58.00000000000003,-0.8333333333333144,no_inspect,no_inspect
0.1,55.0,58.55555555555557,58.00000000000003,-0.5555555555555429,no_inspect,no_inspect
0.1,57.5,58.2777777777778,58.00000000000003,-0.27777777777777146,no_inspect,no_inspect
0.1,60.0,58.00000000000003,58.00000000000003,0.0,tie,tie
0.1,62.5,57.72222222222223,58.00000000000003,0.2777777777777999,inspect,inspect
0.1,65.0,57.44444444444446,58.00000000000003,0.5555555555555713,inspect,inspect
0.1,67.5,57.166666666666686,58.00000000000003,0.8333333333333428,inspect,inspect
0.1,70.0,56.888888888888914,58.00000000000003,1.1111111111111143,inspect,inspect
0.1,72.5,56.61111111111114,58.00000000000003,1.3888888888888857,inspect,inspect
0.1,75.0,56.33333333333334,58.00000000000003,1.6666666666666856,inspect,inspect
0.1,77.5,56.05555555555557,58.00000000000003,1.944444444444457,inspect,inspect
0.1,80.0,55.7777777777778,58.00000000000003,2.2222222222222285,inspect,inspect
0.1,82.5,55.50000000000003,58.00000000000003,2.5,inspect,inspect
0.1,85.0,55.22222222222226,58.00000000000003,2.7777777777777715,inspect,inspect
0.1,87.5,54.94444444444446,58.00000000000003,3.0555555555555713,inspect,inspect
0.1,90.0,54.666666666666686,58.00000000000003,3.333333333333343,inspect,inspect
0.1,92.5,54.388888888888914,58.00000000000003,3.6111111111111143,inspect,inspect
0.1,95.0,54.11111111111114,58.00000000000003,3.8888888888888857,inspect,inspect
0.1,97.5,53.83333333333334,58.00000000000003,4.166666666666686,inspect,inspect
0.1,100.0,53.55555555555557,58.00000000000003,4.444444444444457,inspect,inspect
0.10500000000000001,0.0,64.55493482309126,57.851024208566116,-6.703910614525142,no_inspect,no_inspect
0.10500000000000001,2.5,64.26163873370578,57.851024208566116,-6.410614525139664,no_inspect,no_inspect
0.10500000000000001,5.0,63.96834264432033,57.851024208566116,-6.117318435754214,no_inspect,no_inspect
0.10500000000000001,7.5,63.67504655493485,57.851024208566116,-5.824022346368736,no_inspect,no_inspect
0.10500000000000001,10.0,63.38175046554937,57.851024208566116,-5.530726256983257,no_inspect,no_inspect
0.10500000000000001,12.5,63.088454376163895,57.851024208566116,-5.237430167597779,no_inspect,no_inspect
0.10500000000000001,15.0,62.79515828677842,57.851024208566116,-4.944134078212301,no_inspect,no_inspect
0.10500000000000001,17.5,62.50186219739294,57.851024208566116,-4.650837988826822,no_inspect,no_inspect
0.10500000000000001,20.0,62.20856610800746,57.851024208566116,-4.357541899441344,no_inspect,no_inspect
0.10500000000000001,22.5,61.91527001862198,57.851024208566116,-4.064245810055866,no_inspect,no_inspect
0.10500000000000001,25.0,61.62197392923653,57.851024208566116,-3.7709497206704157,no_inspect,no_inspect
0.10500000000000001,27.5,61.32867783985105,57.851024208566116,-3.4776536312849373,no_inspect,no_inspect
0.10500000000000001,30.0,61.035381750465575,57.851024208566116,-3.184357541899459,no_inspect,no_inspect
0.10500000000000001,32.5,60.7420856610801,57.851024208566116,-2.8910614525139806,no_inspect,no_inspect
0.10500000000000001,35.0,60.44878957169462,57.851024208566116,-2.5977653631285023,no_inspect,no_inspect
0.10500000000000001,37.5,60.15549348230914,57.851024208566116,-2.304469273743024,no_inspect,no_inspect
0.10500000000000001,40.0,59.86219739292366,57.851024208566116,-2.0111731843575456,no_inspect,no_inspect
0.10500000000000001,42.5,59.56890130353818,57.851024208566116,-1.7178770949720672,no_inspect,no_inspect
0.10500000000000001,45.0,59.27560521415273,57.851024208566116,-1.4245810055866173,no_inspect,no_inspect
0.10500000000000001,47.5,58.982309124767255,57.851024208566116,-1.131284916201139,no_inspect,no_inspect
0.10500000000000001,50.0,58.68901303538178,57.851024208566116,-0.8379888268156606,no_inspect,no_inspect
0.10500000000000001,52.5,58.3957169459963,57.851024208566116,-0.5446927374301822,no_inspect,no_inspect
0.10500000000000001,55.0,58.10242085661082,57.851024208566116,-0.25139664804470385,no_inspect,no_inspect
0.10500000000000001,57.5,57.80912476722534,57.851024208566116,0.0418994413407745,inspect,inspect
0.10500000000000001,60.0,57.51582867783986,57.851024208566116,0.33519553072625285,inspect,inspect
0.10500000000000001,62.5,57.222532588454385,57.851024208566116,0.6284916201117312,inspect,inspect
0.10500000000000001,65.0,56.929236499068935,57.851024208566116,0.9217877094971811,inspect,inspect
0.10500000000000001,67.5,56.63594040968346,57.851024208566116,1.2150837988826595,inspect,inspect
0.10500000000000001,70.0,56.34264432029798,57.851024208566116,1.5083798882681378,inspect,inspect
0.10500000000000001,72.5,56.0493482309125,57.851024208566116,1.8016759776536162,inspect,inspect
0.10500000000000001,75.0,55.75605214152702,57.851024208566116,2.0949720670390946,inspect,inspect
0.10500000000000001,77.5,55.46275605214154,57.851024208566116,2.388268156424573,inspect,inspect
0.10500000000000001,80.0,55.169459962756065,57.851024208566116,2.6815642458100513,inspect,inspect
0.10500000000000001,82.5,54.87616387337059,57.851024208566116,2.9748603351955296,inspect,inspect
0.10500000000000001,85.0,54.58286778398514,57.851024208566116,3.2681564245809795,inspect,inspect
0.10500000000000001,87.5,54.28957169459966,57.851024208566116,3.561452513966458,inspect,inspect
0.10500000000000001,90.0,53.99627560521418,57.851024208566116,3.8547486033519363,inspect,inspect
0.10500000000000001,92.5,53.7029795158287,57.851024208566116,4.148044692737415,inspect,inspect
0.10500000000000001,95.0,53.40968342644322,57.851024208566116,4.441340782122893,inspect,inspect
0.10500000000000001,97.5,53.116387337057745,57.851024208566116,4.734636871508371,inspect,inspect
0.10500000000000001,100.0,52.82309124767227,57.851024208566116,5.02793296089385,inspect,inspect
0.11000000000000001,0.0,64.4419475655431,57.70037453183522,-6.74157303370788,no_inspect,no_inspect
0.11000000000000001,2.5,64.13295880149815,57.70037453183522,-6.432584269662925,no_inspect,no_inspect
0.11000000000000001,5.0,63.82397003745319,57.70037453183522,-6.1235955056179705,no_inspect,no_inspect
0.11000000000000001,7.5,63.51498127340827,57.70037453183522,-5.814606741573044,no_inspect,no_inspect
0.11000000000000001,10.0,63.20599250936331,57.70037453183522,-5.50561797752809,no_inspect,no_inspect
0.11000000000000001,12.5,62.89700374531836,57.70037453183522,-5.196629213483135,no_inspect,no_inspect
0.11000000000000001,15.0,62.58801498127343,57.70037453183522,-4.887640449438209,no_inspect,no_inspect
0.11000000000000001,17.5,62.27902621722848,57.70037453183522,-4.578651685393254,no_inspect,no_inspect
0.11000000000000001,20.0,61.97003745318355,57.70037453183522,-4.269662921348328,no_inspect,no_inspect
0.11000000000000001,22.5,61.661048689138596,57.70037453183522,-3.960674157303373,no_inspect,no_inspect
0.11000000000000001,25.0,61.35205992509364,57.70037453183522,-3.6516853932584183,no_inspect,no_inspect
0.11000000000000001,27.5,61.043071161048715,57.70037453183522,-3.342696629213492,no_inspect,no_inspect
0.11000000000000001,30.0,60.73408239700376,57.70037453183522,-3.0337078651685374,no_inspect,no_inspect
0.11000000000000001,32.5,60.425093632958834,57.70037453183522,-2.724719101123611,no_inspect,no_inspect
0.11000000000000001,35.0,60.11610486891388,57.70037453183522,-2.4157303370786565,no_inspect,no_inspect
0.11000000000000001,37.5,59.807116104868925,57.70037453183522,-2.106741573033702,no_inspect,no_inspect
0.11000000000000001,40.0,59.498127340824,57.70037453183522,-1.7977528089887755,no_inspect,no_inspect
0.11000000000000001,42.5,59.189138576779044,57.70037453183522,-1.4887640449438209,no_inspect,no_inspect
0.11000000000000001,45.0,58.88014981273409,57.70037453183522,-1.1797752808988662,no_inspect,no_inspect
0.11000000000000001,47.5,58.57116104868916,57.70037453183522,-0.8707865168539399,no_inspect,no_inspect
0.11000000000000001,50.0,58.26217228464421,57.70037453183522,-0.5617977528089853,no_inspect,no_inspect
0.11000000000000001,52.5,57.95318352059928,57.70037453183522,-0.252808988764059,no_inspect,no_inspect
0.11000000000000001,55.0,57.64419475655433,57.70037453183522,0.05617977528089568,inspect,inspect
0.11000000000000001,57.5,57.33520599250937,57.70037453183522,0.36516853932585036,inspect,inspect
0.11000000000000001,60.0,57.026217228464446,57.70037453183522,0.6741573033707766,inspect,inspect
0.11000000000000001,62.5,56.71722846441949,57.70037453183522,0.9831460674157313,inspect,inspect
0.11000000000000001,65.0,56.408239700374565,57.70037453183522,1.2921348314606576,inspect,inspect
0.11000000000000001,67.5,56.09925093632961,57.70037453183522,1.6011235955056122,inspect,inspect
0.11000000000000001,70.0,55.790262172284656,57.70037453183522,1.910112359550567,inspect,inspect
0.11000000000000001,72.5,55.48127340823973,57.70037453183522,2.219101123595493,inspect,inspect
0.11000000000000001,75.0,55.172284644194775,57.70037453183522,2.528089887640448,inspect,inspect
0.11000000000000001,77.5,54.86329588014982,57.70037453183522,2.8370786516854025,inspect,inspect
0.11000000000000001,80.0,54.554307116104894,57.70037453183522,3.1460674157303288,inspect,inspect
0.11000000000000001,82.5,54.24531835205994,57.70037453183522,3.4550561797752835,inspect,inspect
0.11000000000000001,85.0,53.93632958801501,57.70037453183522,3.7640449438202097,inspect,inspect
0.11000000000000001,87.5,53.62734082397006,57.70037453183522,4.073033707865164,inspect,inspect
0.11000000000000001,90.0,53.318352059925104,57.70037453183522,4.382022471910119,inspect,inspect
0.11000000000000001,92.5,53.00936329588018,57.70037453183522,4.691011235955045,inspect,inspect
0.11000000000000001,95.0,52.70037453183522,57.70037453183522,5.0,inspect,inspect
0.11000000000000001,97.5,52.39138576779027,57.70037453183522,5.308988764044955,inspect,inspect
0.11000000000000001,100.0,52.08239700374534,57.70037453183522,5.617977528089881,inspect,inspect
0.11499999999999999,0.0,64.32768361581924,57.54802259887006,-6.779661016949177,no_inspect,no_inspect
0.11499999999999999,2.5,64.0028248587571,57.54802259887006,-6.454802259887032,no_inspect,no_inspect
0.11499999999999999,5.0,63.67796610169492,57.54802259887006,-6.129943502824858,no_inspect,no_inspect
0.11499999999999999,7.5,63.353107344632775,57.54802259887006,-5.805084745762713,no_inspect,no_inspect
0.11499999999999999,10.0,63.02824858757063,57.54802259887006,-5.4802259887005675,no_inspect,no_inspect
0.11499999999999999,12.5,62.703389830508485,57.54802259887006,-5.155367231638422,no_inspect,no_inspect
0.11499999999999999,15.0,62.37853107344634,57.54802259887006,-4.830508474576277,no_inspect,no_inspect
0.11499999999999999,17.5,62.053672316384194,57.54802259887006,-4.505649717514132,no_inspect,no_inspect
0.11499999999999999,20.0,61.72881355932205,57.54802259887006,-4.180790960451986,no_inspect,no_inspect
0.11499999999999999,22.5,61.4039548022599,57.54802259887006,-3.855932203389841,no_inspect,no_inspect
0.11499999999999999,25.0,61.07909604519776,57.54802259887006,-3.531073446327696,no_inspect,no_inspect
0.11499999999999999,27.5,60.75423728813561,57.54802259887006,-3.2062146892655505,no_inspect,no_inspect
0.11499999999999999,30.0,60.42937853107347,57.54802259887006,-2.8813559322034052,no_inspect,no_inspect
0.11499999999999999,32.5,60.10451977401132,57.54802259887006,-2.55649717514126,no_inspect,no_inspect
0.11499999999999999,35.0,59.77966101694918,57.54802259887006,-2.2316384180791147,no_inspect,no_inspect
0.11499999999999999,37.5,59.45480225988703,57.54802259887006,-1.9067796610169694,no_inspect,no_inspect
0.11499999999999999,40.0,59.12994350282489,57.54802259887006,-1.581920903954824,no_inspect,no_inspect
0.11499999999999999,42.5,58.80508474576274,57.54802259887006,-1.2570621468926788,no_inspect,no_inspect
0.11499999999999999,45.0,58.480225988700596,57.54802259887006,-0.9322033898305335,no_inspect,no_inspect
0.11499999999999999,47.5,58.15536723163845,57.54802259887006,-0.6073446327683882,no_inspect,no_inspect
0.11499999999999999,50.0,57.83050847457628,57.54802259887006,-0.28248587570621453,no_inspect,no_inspect
0.11499999999999999,52.5,57.50564971751413,57.54802259887006,0.04237288135593076,inspect,inspect
0.11499999999999999,55.0,57.180790960451986,57.54802259887006,0.36723163841807605,inspect,inspect
0.11499999999999999,57.5,56.85593220338984,57.54802259887006,0.6920903954802213,inspect,inspect
0.11499999999999999,60.0,56.531073446327696,57.54802259887006,1.0169491525423666,inspect,inspect
0.11499999999999999,62.5,56.20621468926555,57.54802259887006,1.341807909604512,inspect,inspect
0.11499999999999999,65.0,55.881355932203405,57.54802259887006,1.6666666666666572,inspect,inspect
0.11499999999999999,67.5,55.55649717514126,57.54802259887006,1.9915254237288025,inspect,inspect
0.11499999999999999,70.0,55.231638418079115,57.54802259887006,2.3163841807909478,inspect,inspect
0.11499999999999999,72.5,54.90677966101697,57.54802259887006,2.641242937853093,inspect,inspect
0.11499999999999999,75.0,54.581920903954824,57.54802259887006,2.9661016949152383,inspect,inspect
0.11499999999999999,77.5,54.25706214689268,57.54802259887006,3.2909604519773836,inspect,inspect
0.11499999999999999,80.0,53.93220338983053,57.54802259887006,3.615819209039529,inspect,inspect
0.11499999999999999,82.5,53.60734463276839,57.54802259887006,3.940677966101674,inspect,inspect
0.11499999999999999,85.0,53.28248587570624,57.54802259887006,4.2655367231638195,inspect,inspect
0.11499999999999999,87.5,52.9576271186441,57.54802259887006,4.590395480225965,inspect,inspect
0.11499999999999999,90.0,52.63276836158195,57.54802259887006,4.91525423728811,inspect,inspect
0.11499999999999999,92.5,52.30790960451981,57.54802259887006,5.240112994350255,inspect,inspect
0.11499999999999999,95.0,51.98305084745766,57.54802259887006,5.564971751412401,inspect,inspect
0.11499999999999999,97.5,51.65819209039552,57.54802259887006,5.889830508474546,inspect,inspect
0.11499999999999999,100.0,51.33333333333334,57.54802259887006,6.21468926553672,inspect,inspect
0.12,0.0,64.21212121212122,57.393939393939405,-6.818181818181813,no_inspect,no_inspect
0.12,2.5,63.87121212121215,57.393939393939405,-6.477272727272748,no_inspect,no_inspect
0.12,5.0,63.53030303030306,57.393939393939405,-6.1363636363636545,no_inspect,no_inspect
0.12,7.5,63.189393939393966,57.393939393939405,-5.795454545454561,no_inspect,no_inspect
0.12,10.0,62.84848484848487,57.393939393939405,-5.4545454545454675,no_inspect,no_inspect
0.12,12.5,62.50757575757578,57.393939393939405,-5.113636363636374,no_inspect,no_inspect
0.12,15.0,62.166666666666686,57.393939393939405,-4.7727272727272805,no_inspect,no_inspect
0.12,17.5,61.82575757575759,57.393939393939405,-4.431818181818187,no_inspect,no_inspect
0.12,20.0,61.4848484848485,57.393939393939405,-4.0909090909090935,no_inspect,no_inspect
0.12,22.5,61.143939393939405,57.393939393939405,-3.75,no_inspect,no_inspect
0.12,25.0,60.80303030303031,57.393939393939405,-3.4090909090909065,no_inspect,no_inspect
0.12,27.5,60.46212121212122,57.393939393939405,-3.068181818181813,no_inspect,no_inspect
0.12,30.0,60.12121212121215,57.393939393939405,-2.727272727272748,no_inspect,no_inspect
0.12,32.5,59.78030303030306,57.393939393939405,-2.3863636363636545,no_inspect,no_inspect
0.12,35.0,59.439393939393966,57.393939393939405,-2.045454545454561,no_inspect,no_inspect
0.12,37.5,59.09848484848487,57.393939393939405,-1.7045454545454675,no_inspect,no_inspect
0.12,40.0,58.75757575757578,57.393939393939405,-1.363636363636374,no_inspect,no_inspect
0.12,42.5,58.416666666666686,57.393939393939405,-1.0227272727272805,no_inspect,no_inspect
0.12,45.0,58.07575757575759,57.393939393939405,-0.681818181818187,no_inspect,no_inspect
0.12,47.5,57.7348484848485,57.393939393939405,-0.3409090909090935,no_inspect,no_inspect
0.12,50.0,57.393939393939405,57.393939393939405,0.0,tie,tie
0.12,52.5,57.05303030303031,57.393939393939405,0.3409090909090935,inspect,inspect
0.12,55.0,56.71212121212125,57.393939393939405,0.6818181818181586,inspect,inspect
0.12,57.5,56.37121212121215,57.393939393939405,1.022727272727252,inspect,inspect
0.12,60.0,56.03030303030306,57.393939393939405,1.3636363636363455,inspect,inspect
0.12,62.5,55.689393939393966,57.393939393939405,1.704545454545439,inspect,inspect
0.12,65.0,55.34848484848487,57.393939393939405,2.0454545454545325,inspect,inspect
0.12,67.5,55.00757575757578,57.393939393939405,2.386363636363626,inspect,inspect
0.12,70.0,54.666666666666686,57.393939393939405,2.7272727272727195,inspect,inspect
0.12,72.5,54.32575757575759,57.393939393939405,3.068181818181813,inspect,inspect
0.12,75.0,53.9848484848485,57.393939393939405,3.4090909090909065,inspect,inspect
0.12,77.5,53.643939393939405,57.393939393939405,3.75,inspect,inspect
0.12,80.0,53.30303030303031,57.393939393939405,4.0909090909090935,inspect,inspect
0.12,82.5,52.96212121212125,57.393939393939405,4.431818181818159,inspect,inspect
0.12,85.0,52.62121212121215,57.393939393939405,4.772727272727252,inspect,inspect
0.12,87.5,52.28030303030306,57.393939393939405,5.1136363636363455,inspect,inspect
0.12,90.0,51.939393939393966,57.393939393939405,5.454545454545439,inspect,inspect
0.12,92.5,51.59848484848487,57.393939393939405,5.7954545454545325,inspect,inspect
0.12,95.0,51.25757575757578,57.393939393939405,6.136363636363626,inspect,inspect
0.12,97.5,50.916666666666686,57.393939393939405,6.4772727272727195,inspect,inspect
0.12,100.0,50.57575757575759,57.393939393939405,6.818181818181813,inspect,inspect
0.125,0.0,64.0952380952381,57.23809523809527,-6.857142857142833,no_inspect,no_inspect
0.125,2.5,63.73809523809527,57.23809523809527,-6.5,no_inspect,no_inspect
0.125,5.0,63.38095238095241,57.23809523809527,-6.142857142857139,no_inspect,no_inspect
0.125,7.5,63.02380952380955,57.23809523809527,-5.785714285714278,no_inspect,no_inspect
0.125,10.0,62.666666666666686,57.23809523809527,-5.428571428571416,no_inspect,no_inspect
0.125,12.5,62.309523809523824,57.23809523809527,-5.071428571428555,no_inspect,no_inspect
0.125,15.0,61.95238095238096,57.23809523809527,-4.714285714285694,no_inspect,no_inspect
0.125,17.5,61.5952380952381,57.23809523809527,-4.357142857142833,no_inspect,no_inspect
0.125,20.0,61.23809523809527,57.23809523809527,-4.0,no_inspect,no_inspect
0.125,22.5,60.88095238095241,57.23809523809527,-3.642857142857139,no_inspect,no_inspect
0.125,25.0,60.52380952380955,57.23809523809527,-3.2857142857142776,no_inspect,no_inspect
0.125,27.5,60.166666666666686,57.23809523809527,-2.9285714285714164,no_inspect,no_inspect
0.125,30.0,59.809523809523824,57.23809523809527,-2.571428571428555,no_inspect,no_inspect
0.125,32.5,59.45238095238096,57.23809523809527,-2.214285714285694,no_inspect,no_inspect
0.125,35.0,59.0952380952381,57.23809523809527,-1.8571428571428328,no_inspect,no_inspect
0.125,37.5,58.73809523809527,57.23809523809527,-1.5,no_inspect,no_inspect
0.125,40.0,58.38095238095241,57.23809523809527,-1.1428571428571388,no_inspect,no_inspect
0.125,42.5,58.02380952380955,57.23809523809527,-0.7857142857142776,no_inspect,no_inspect
0.125,45.0,57.666666666666686,57.23809523809527,-0.4285714285714164,no_inspect,no_inspect
0.125,47.5,57.309523809523824,57.23809523809527,-0.07142857142855519,no_inspect,no_inspect
0.125,50.0,56.95238095238096,57.23809523809527,0.285714285714306,inspect,inspect
0.125,52.5,56.5952380952381,57.23809523809527,0.6428571428571672,inspect,inspect
0.125,55.0,56.23809523809527,57.23809523809527,1.0,inspect,inspect
0.125,57.5,55.88095238095241,57.23809523809527,1.3571428571428612,inspect,inspect
0.125,60.0,55.52380952380955,57.23809523809527,1.7142857142857224,inspect,inspect
0.125,62.5,55.166666666666686,57.23809523809527,2.0714285714285836,inspect,inspect
0.125,65.0,54.809523809523824,57.23809523809527,2.428571428571445,inspect,inspect
0.125,67.5,54.45238095238096,57.23809523809527,2.785714285714306,inspect,inspect
0.125,70.0,54.0952380952381,57.23809523809527,3.142857142857167,inspect,inspect
0.125,72.5,53.73809523809527,57.23809523809527,3.5,inspect,inspect
0.125,75.0,53.38095238095241,57.23809523809527,3.857142857142861,inspect,inspect
0.125,77.5,53.02380952380955,57.23809523809527,4.214285714285722,inspect,inspect
0.125,80.0,52.666666666666686,57.23809523809527,4.571428571428584,inspect,inspect
0.125,82.5,52.309523809523824,57.23809523809527,4.928571428571445,inspect,inspect
0.125,85.0,51.95238095238096,57.23809523809527,5.285714285714306,inspect,inspect
0.125,87.5,51.5952380952381,57.23809523809527,5.642857142857167,inspect,inspect
0.125,90.0,51.23809523809527,57.23809523809527,6.0,inspect,inspect
0.125,92.5,50.88095238095241,57.23809523809527,6.357142857142861,inspect,inspect
0.125,95.0,50.52380952380955,57.23809523809527,6.714285714285722,inspect,inspect
0.125,97.5,50.166666666666686,57.23809523809527,7.071428571428584,inspect,inspect
0.125,100.0,49.809523809523824,57.23809523809527,7.428571428571445,inspect,inspect
0.13,0.0,63.977011494252906,57.08045977011497,-6.896551724137936,no_inspect,no_inspect
0.13,2.5,63.60344827586209,57.08045977011497,-6.522988505747122,no_inspect,no_inspect
0.13,5.0,63.22988505747128,57.08045977011497,-6.1494252873563084,no_inspect,no_inspect
0.13,7.5,62.856321839080465,57.08045977011497,-5.775862068965495,no_inspect,no_inspect
0.13,10.0,62.48275862068968,57.08045977011497,-5.402298850574709,no_inspect,no_inspect
0.13,12.5,62.109195402298866,57.08045977011497,-5.028735632183896,no_inspect,no_inspect
0.13,15.0,61.73563218390805,57.08045977011497,-4.655172413793082,no_inspect,no_inspect
0.13,17.5,61.36206896551727,57.08045977011497,-4.281609195402297,no_inspect,no_inspect
0.13,20.0,60.98850574712645,57.08045977011497,-3.908045977011483,no_inspect,no_inspect
0.13,22.5,60.61494252873564,57.08045977011497,-3.534482758620669,no_inspect,no_inspect
0.13,25.0,60.241379310344854,57.08045977011497,-3.1609195402298838,no_inspect,no_inspect
0.13,27.5,59.86781609195404,57.08045977011497,-2.78735632183907,no_inspect,no_inspect
0.13,30.0,59.49425287356323,57.08045977011497,-2.4137931034482563,no_inspect,no_inspect
0.13,32.5,59.12068965517244,57.08045977011497,-2.040229885057471,no_inspect,no_inspect
0.13,35.0,58.74712643678163,57.08045977011497,-1.6666666666666572,no_inspect,no_inspect
0.13,37.5,58.373563218390814,57.08045977011497,-1.2931034482758434,no_inspect,no_inspect
0.13,40.0,58.00000000000003,57.08045977011497,-0.9195402298850581,no_inspect,no_inspect
0.13,42.5,57.626436781609215,57.08045977011497,-0.5459770114942444,no_inspect,no_inspect
0.13,45.0,57.2528735632184,57.08045977011497,-0.17241379310343063,no_inspect,no_inspect
0.13,47.5,56.879310344827616,57.08045977011497,0.2011494252873547,inspect,inspect
0.13,50.0,56.5057471264368,57.08045977011497,0.5747126436781684,inspect,inspect
0.13,52.5,56.13218390804599,57.08045977011497,0.9482758620689822,inspect,inspect
0.13,55.0,55.7586206896552,57.08045977011497,1.3218390804597675,inspect,inspect
0.13,57.5,55.38505747126439,57.08045977011497,1.6954022988505812,inspect,inspect
0.13,60.0,55.011494252873575,57.08045977011497,2.068965517241395,inspect,inspect
0.13,62.5,54.63793103448279,57.08045977011497,2.4425287356321803,inspect,inspect
0.13,65.0,54.264367816091976,57.08045977011497,2.816091954022994,inspect,inspect
0.13,67.5,53.89080459770116,57.08045977011497,3.189655172413808,inspect,inspect
0.13,70.0,53.51724137931035,57.08045977011497,3.5632183908046215,inspect,inspect
0.13,72.5,53.14367816091956,57.08045977011497,3.936781609195407,inspect,inspect
0.13,75.0,52.77011494252875,57.08045977011497,4.310344827586221,inspect,inspect
0.13,77.5,52.396551724137964,57.08045977011497,4.683908045977006,inspect,inspect
0.13,80.0,52.02298850574715,57.08045977011497,5.05747126436782,inspect,inspect
0.13,82.5,51.64942528735634,57.08045977011497,5.431034482758633,inspect,inspect
0.13,85.0,51.27586206896552,57.08045977011497,5.804597701149447,inspect,inspect
0.13,87.5,50.90229885057474,57.08045977011497,6.1781609195402325,inspect,inspect
0.13,90.0,50.528735632183924,57.08045977011497,6.551724137931046,inspect,inspect
0.13,92.5,50.15517241379311,57.08045977011497,6.92528735632186,inspect,inspect
0.13,95.0,49.781609195402325,57.08045977011497,7.298850574712645,inspect,inspect
0.13,97.5,49.40804597701151,57.08045977011497,7.672413793103459,inspect,inspect
0.13,100.0,49.0344827586207,57.08045977011497,8.045977011494273,inspect,inspect
0.135,0.0,63.85741811175339,56.92100192678228,-6.936416184971108,no_inspect,no_inspect
0.135,2.5,63.46724470134876,56.92100192678228,-6.54624277456648,no_inspect,no_inspect
0.135,5.0,63.07707129094413,56.92100192678228,-6.156069364161851,no_inspect,no_inspect
0.135,7.5,62.686897880539505,56.92100192678228,-5.765895953757223,no_inspect,no_inspect
0.135,10.0,62.296724470134905,56.92100192678228,-5.375722543352623,no_inspect,no_inspect
0.135,12.5,61.906551059730276,56.92100192678228,-4.985549132947995,no_inspect,no_inspect
0.135,15.0,61.51637764932565,56.92100192678228,-4.595375722543366,no_inspect,no_inspect
0.135,17.5,61.12620423892102,56.92100192678228,-4.205202312138738,no_inspect,no_inspect
0.135,20.0,60.73603082851639,56.92100192678228,-3.8150289017341095,no_inspect,no_inspect
0.135,22.5,60.34585741811176,56.92100192678228,-3.424855491329481,no_inspect,no_inspect
0.135,25.0,59.955684007707134,56.92100192678228,-3.0346820809248527,no_inspect,no_inspect
0.135,27.5,59.565510597302534,56.92100192678228,-2.6445086705202527,no_inspect,no_inspect
0.135,30.0,59.175337186897906,56.92100192678228,-2.2543352601156244,no_inspect,no_inspect
0.135,32.5,58.78516377649328,56.92100192678228,-1.864161849710996,no_inspect,no_inspect
0.135,35.0,58.39499036608865,56.92100192678228,-1.4739884393063676,no_inspect,no_inspect
0.135,37.5,58.00481695568402,56.92100192678228,-1.0838150289017392,no_inspect,no_inspect
0.135,40.0,57.61464354527939,56.92100192678228,-0.6936416184971108,no_inspect,no_inspect
0.135,42.5,57.224470134874764,56.92100192678228,-0.3034682080924824,no_inspect,no_inspect
0.135,45.0,56.834296724470164,56.92100192678228,0.08670520231211754,inspect,inspect
0.135,47.5,56.444123314065536,56.92100192678228,0.4768786127167459,inspect,inspect
0.135,50.0,56.05394990366091,56.92100192678228,0.8670520231213743,inspect,inspect
0.135,52.5,55.66377649325628,56.92100192678228,1.2572254335260027,inspect,inspect
0.135,55.0,55.27360308285165,56.92100192678228,1.647398843930631,inspect,inspect
0.135,57.5,54.88342967244702,56.92100192678228,2.0375722543352595,inspect,inspect
0.135,60.0,54.493256262042394,56.92100192678228,2.427745664739888,inspect,inspect
0.135,62.5,54.103082851637794,56.92100192678228,2.817919075144488,inspect,inspect
0.135,65.0,53.712909441233165,56.92100192678228,3.208092485549116,inspect,inspect
0.135,67.5,53.32273603082854,56.92100192678228,3.5982658959537446,inspect,inspect
0.135,70.0,52.93256262042391,56.92100192678228,3.988439306358373,inspect,inspect
0.135,72.5,52.54238921001928,56.92100192678228,4.378612716763001,inspect,inspect
0.135,75.0,52.15221579961465,56.92100192678228,4.76878612716763,inspect,inspect
0.135,77.5,51.76204238921002,56.92100192678228,5.158959537572258,inspect,inspect
0.135,80.0,51.37186897880542,56.92100192678228,5.549132947976858,inspect,inspect
0.135,82.5,50.981695568400795,56.92100192678228,5.9393063583814865,inspect,inspect
0.135,85.0,50.59152215799617,56.92100192678228,6.329479768786115,inspect,inspect
0.135,87.5,50.20134874759154,56.92100192678228,6.719653179190743,inspect,inspect
0.135,90.0,49.81117533718691,56.92100192678228,7.109826589595372,inspect,inspect
0.135,92.5,49.42100192678228,56.92100192678228,7.5,inspect,inspect
0.135,95.0,49.03082851637765,56.92100192678228,7.890173410404628,inspect,inspect
0.135,97.5,48.64065510597305,56.92100192678228,8.280346820809228,inspect,inspect
0.135,100.0,48.250481695568425,56.92100192678228,8.670520231213857,inspect,inspect
0.14,0.0,63.73643410852716,56.759689922480646,-6.976744186046517,no_inspect,no_inspect
0.14,2.5,63.329457364341096,56.759689922480646,-6.569767441860449,no_inspect,no_inspect
0.14,5.0,62.922480620155056,56.759689922480646,-6.16279069767441,no_inspect,no_inspect
0.14,7.5,62.51550387596902,56.759689922480646,-5.755813953488371,no_inspect,no_inspect
0.14,10.0,62.10852713178298,56.759689922480646,-5.3488372093023315,no_inspect,no_inspect
0.14,12.5,61.70155038759691,56.759689922480646,-4.941860465116264,no_inspect,no_inspect
0.14,15.0,61.29457364341087,56.759689922480646,-4.534883720930225,no_inspect,no_inspect
0.14,17.5,60.88759689922483,56.759689922480646,-4.127906976744185,no_inspect,no_inspect
0.14,20.0,60.480620155038764,56.759689922480646,-3.7209302325581177,no_inspect,no_inspect
0.14,22.5,60.073643410852725,56.759689922480646,-3.3139534883720785,no_inspect,no_inspect
0.14,25.0,59.666666666666686,56.759689922480646,-2.9069767441860392,no_inspect,no_inspect
0.14,27.5,59.259689922480646,56.759689922480646,-2.5,no_inspect,no_inspect
0.14,30.0,58.85271317829458,56.759689922480646,-2.0930232558139323,no_inspect,no_inspect
0.14,32.5,58.44573643410854,56.759689922480646,-1.686046511627893,no_inspect,no_inspect
0.14,35.0,58.0387596899225,56.759689922480646,-1.2790697674418539,no_inspect,no_inspect
0.14,37.5,57.63178294573646,56.759689922480646,-0.8720930232558146,no_inspect,no_inspect
0.14,40.0,57.22480620155039,56.759689922480646,-0.46511627906974695,no_inspect,no_inspect
0.14,42.5,56.817829457364354,56.759689922480646,-0.05813953488370771,no_inspect,no_inspect
0.14,45.0,56.410852713178315,56.759689922480646,0.34883720930233153,inspect,inspect
0.14,47.5,56.003875968992276,56.759689922480646,0.7558139534883708,inspect,inspect
0.14,50.0,55.59689922480621,56.759689922480646,1.1627906976744384,inspect,inspect
0.14,52.5,55.18992248062017,56.759689922480646,1.5697674418604777,inspect,inspect
0.14,55.0,54.78294573643413,56.759689922480646,1.976744186046517,inspect,inspect
0.14,57.5,54.37596899224809,56.759689922480646,2.383720930232556,inspect,inspect
0.14,60.0,53.96899224806202,56.759689922480646,2.790697674418624,inspect,inspect
0.14,62.5,53.56201550387598,56.759689922480646,3.197674418604663,inspect,inspect
0.14,65.0,53.155038759689944,56.759689922480646,3.6046511627907023,inspect,inspect
0.14,67.5,52.748062015503905,56.759689922480646,4.0116279069767415,inspect,inspect
0.14,70.0,52.34108527131784,56.759689922480646,4.418604651162809,inspect,inspect
0.14,72.5,51.9341085271318,56.759689922480646,4.8255813953488484,inspect,inspect
0.14,75.0,51.52713178294576,56.759689922480646,5.232558139534888,inspect,inspect
0.14,77.5,51.12015503875972,56.759689922480646,5.639534883720927,inspect,inspect
0.14,80.0,50.71317829457365,56.759689922480646,6.046511627906995,inspect,inspect
0.14,82.5,50.30620155038761,56.759689922480646,6.453488372093034,inspect,inspect
0.14,85.0,49.89922480620157,56.759689922480646,6.860465116279073,inspect,inspect
0.14,87.5,49.492248062015506,56.759689922480646,7.267441860465141,inspect,inspect
0.14,90.0,49.085271317829466,56.759689922480646,7.67441860465118,inspect,inspect
0.14,92.5,48.67829457364343,56.759689922480646,8.08139534883722,inspect,inspect
0.14,95.0,48.27131782945739,56.759689922480646,8.488372093023258,inspect,inspect
0.14,97.5,47.86434108527135,56.759689922480646,8.895348837209298,inspect,inspect
0.14,100.0,47.45736434108528,56.759689922480646,9.302325581395365,inspect,inspect
0.145,0.0,63.614035087719316,56.59649122807019,-7.017543859649123,no_inspect,no_inspect
0.145,2.5,63.19005847953218,56.59649122807019,-6.593567251461991,no_inspect,no_inspect
0.145,5.0,62.76608187134505,56.59649122807019,-6.169590643274859,no_inspect,no_inspect
0.145,7.5,62.34210526315792,56.59649122807019,-5.745614035087726,no_inspect,no_inspect
0.145,10.0,61.918128654970786,56.59649122807019,-5.321637426900594,no_inspect,no_inspect
0.145,12.5,61.494152046783654,56.59649122807019,-4.897660818713462,no_inspect,no_inspect
0.145,15.0,61.07017543859652,56.59649122807019,-4.473684210526329,no_inspect,no_inspect
0.145,17.5,60.64619883040939,56.59649122807019,-4.049707602339197,no_inspect,no_inspect
0.145,20.0,60.22222222222223,56.59649122807019,-3.625730994152036,no_inspect,no_inspect
0.145,22.5,59.798245614035096,56.59649122807019,-3.201754385964904,no_inspect,no_inspect
0.145,25.0,59.374269005847964,56.59649122807019,-2.7777777777777715,no_inspect,no_inspect
0.145,27.5,58.95029239766083,56.59649122807019,-2.353801169590639,no_inspect,no_inspect
0.145,30.0,58.5263157894737,56.59649122807019,-1.9298245614035068,no_inspect,no_inspect
0.145,32.5,58.10233918128657,56.59649122807019,-1.5058479532163744,no_inspect,no_inspect
0.145,35.0,57.678362573099434,56.59649122807019,-1.081871345029242,no_inspect,no_inspect
0.145,37.5,57.2543859649123,56.59649122807019,-0.6578947368421098,no_inspect,no_inspect
0.145,40.0,56.83040935672517,56.59649122807019,-0.2339181286549774,no_inspect,no_inspect
0.145,42.5,56.40643274853804,56.59649122807019,0.19005847953215493,inspect,inspect
0.145,45.0,55.982456140350905,56.59649122807019,0.6140350877192873,inspect,inspect
0.145,47.5,55.55847953216377,56.59649122807019,1.0380116959064196,inspect,inspect
0.145,50.0,55.13450292397664,56.59649122807019,1.461988304093552,inspect,inspect
0.145,52.5,54.71052631578948,56.59649122807019,1.8859649122807127,inspect,inspect
0.145,55.0,54.28654970760235,56.59649122807019,2.309941520467845,inspect,inspect
0.145,57.5,53.862573099415215,56.59649122807019,2.7339181286549774,inspect,inspect
0.145,60.0,53.43859649122808,56.59649122807019,3.1578947368421098,inspect,inspect
0.145,62.5,53.01461988304095,56.59649122807019,3.581871345029242,inspect,inspect
0.145,65.0,52.59064327485382,56.59649122807019,4.005847953216374,inspect,inspect
0.145,67.5,52.166666666666686,56.59649122807019,4.429824561403507,inspect,inspect
0.145,70.0,51.74269005847955,56.59649122807019,4.853801169590639,inspect,inspect
0.145,72.5,51.31871345029242,56.59649122807019,5.2777777777777715,inspect,inspect
0.145,75.0,50.89473684210529,56.59649122807019,5.701754385964904,inspect,inspect
0.145,77.5,50.470760233918156,56.59649122807019,6.125730994152036,inspect,inspect
0.145,80.0,50.046783625731024,56.59649122807019,6.5497076023391685,inspect,inspect
0.145,82.5,49.62280701754389,56.59649122807019,6.973684210526301,inspect,inspect
0.145,85.0,49.19883040935673,56.59649122807019,7.397660818713462,inspect,inspect
0.145,87.5,48.7748538011696,56.59649122807019,7.821637426900594,inspect,inspect
0.145,90.0,48.350877192982466,56.59649122807019,8.245614035087726,inspect,inspect
0.145,92.5,47.926900584795334,56.59649122807019,8.669590643274859,inspect,inspect
0.145,95.0,47.5029239766082,56.59649122807019,9.093567251461991,inspect,inspect
0.145,97.5,47.07894736842107,56.59649122807019,9.517543859649123,inspect,inspect
0.145,100.0,46.65497076023394,56.59649122807019,9.941520467836256,inspect,inspect
0.15,0.0,63.49019607843138,56.43137254901961,-7.058823529411768,no_inspect,no_inspect
0.15,2.5,63.04901960784315,56.43137254901961,-6.617647058823536,no_inspect,no_inspect
0.15,5.0,62.60784313725492,56.43137254901961,-6.176470588235304,no_inspect,no_inspect
0.15,7.5,62.166666666666686,56.43137254901961,-5.735294117647072,no_inspect,no_inspect
0.15,10.0,61.725490196078454,56.43137254901961,-5.29411764705884,no_inspect,no_inspect
0.15,12.5,61.28431372549022,56.43137254901961,-4.852941176470608,no_inspect,no_inspect
0.15,15.0,60.84313725490199,56.43137254901961,-4.411764705882376,no_inspect,no_inspect
0.15,17.5,60.40196078431376,56.43137254901961,-3.9705882352941444,no_inspect,no_inspect
0.15,20.0,59.9607843137255,56.43137254901961,-3.529411764705884,no_inspect,no_inspect
0.15,22.5,59.519607843137265,56.43137254901961,-3.088235294117652,no_inspect,no_inspect
0.15,25.0,59.07843137254903,56.43137254901961,-2.64705882352942,no_inspect,no_inspect
0.15,27.5,58.6372549019608,56.43137254901961,-2.205882352941188,no_inspect,no_inspect
0.15,30.0,58.19607843137257,56.43137254901961,-1.7647058823529562,no_inspect,no_inspect
0.15,32.5,57.75490196078434,56.43137254901961,-1.3235294117647243,no_inspect,no_inspect
0.15,35.0,57.313725490196106,56.43137254901961,-0.8823529411764923,no_inspect,no_inspect
0.15,37.5,56.872549019607845,56.43137254901961,-0.44117647058823195,no_inspect,no_inspect
0.15,40.0,56.43137254901961,56.43137254901961,0.0,tie,tie
0.15,42.5,55.99019607843138,56.43137254901961,0.44117647058823195,inspect,inspect
0.15,45.0,55.54901960784315,56.43137254901961,0.8823529411764639,inspect,inspect
0.15,47.5,55.10784313725492,56.43137254901961,1.3235294117646959,inspect,inspect
0.15,50.0,54.666666666666686,56.43137254901961,1.7647058823529278,inspect,inspect
0.15,52.5,54.225490196078454,56.43137254901961,2.2058823529411598,inspect,inspect
0.15,55.0,53.78431372549022,56.43137254901961,2.6470588235293917,inspect,inspect
0.15,57.5,53.34313725490199,56.43137254901961,3.0882352941176237,inspect,inspect
0.15,60.0,52.90196078431373,56.43137254901961,3.529411764705884,inspect,inspect
0.15,62.5,52.4607843137255,56.43137254901961,3.970588235294116,inspect,inspect
0.15,65.0,52.019607843137265,56.43137254901961,4.411764705882348,inspect,inspect
0.15,67.5,51.57843137254903,56.43137254901961,4.85294117647058,inspect,inspect
0.15,70.0,51.1372549019608,56.43137254901961,5.294117647058812,inspect,inspect
0.15,72.5,50.69607843137257,56.43137254901961,5.735294117647044,inspect,inspect
0.15,75.0,50.25490196078434,56.43137254901961,6.176470588235276,inspect,inspect
0.15,77.5,49.813725490196106,56.43137254901961,6.617647058823508,inspect,inspect
0.15,80.0,49.372549019607845,56.43137254901961,7.058823529411768,inspect,inspect
0.15,82.5,48.93137254901961,56.43137254901961,7.5,inspect,inspect
0.15,85.0,48.49019607843138,56.43137254901961,7.941176470588232,inspect,inspect
0.15,87.5,48.04901960784315,56.43137254901961,8.382352941176464,inspect,inspect
0.15,90.0,47.60784313725492,56.43137254901961,8.823529411764696,inspect,inspect
0.15,92.5,47.166666666666686,56.43137254901961,9.264705882352928,inspect,inspect
0.15,95.0,46.725490196078454,56.43137254901961,9.70588235294116,inspect,inspect
0.15,97.5,46.28431372549022,56.43137254901961,10.147058823529392,inspect,inspect
0.15,100.0,45.84313725490199,56.43137254901961,10.588235294117624,inspect,inspect
0.155,0.0,63.36489151873769,56.26429980276137,-7.100591715976321,no_inspect,no_inspect
0.155,2.5,62.906311637080876,56.26429980276137,-6.642011834319504,no_inspect,no_inspect
0.155,5.0,62.44773175542409,56.26429980276137,-6.1834319526627155,no_inspect,no_inspect
0.155,7.5,61.98915187376727,56.26429980276137,-5.724852071005898,no_inspect,no_inspect
0.155,10.0,61.53057199211048,56.26429980276137,-5.26627218934911,no_inspect,no_inspect
0.155,12.5,61.071992110453664,56.26429980276137,-4.807692307692292,no_inspect,no_inspect
0.155,15.0,60.613412228796875,56.26429980276137,-4.349112426035504,no_inspect,no_inspect
0.155,17.5,60.15483234714006,56.26429980276137,-3.8905325443786865,no_inspect,no_inspect
0.155,20.0,59.69625246548324,56.26429980276137,-3.4319526627218693,no_inspect,no_inspect
0.155,22.5,59.23767258382645,56.26429980276137,-2.9733727810650805,no_inspect,no_inspect
0.155,25.0,58.779092702169635,56.26429980276137,-2.5147928994082633,no_inspect,no_inspect
0.155,27.5,58.320512820512846,56.26429980276137,-2.0562130177514746,no_inspect,no_inspect
0.155,30.0,57.86193293885603,56.26429980276137,-1.5976331360946574,no_inspect,no_inspect
0.155,32.5,57.40335305719924,56.26429980276137,-1.1390532544378686,no_inspect,no_inspect
0.155,35.0,56.94477317554242,56.26429980276137,-0.6804733727810515,no_inspect,no_inspect
0.155,37.5,56.486193293885606,56.26429980276137,-0.2218934911242343,no_inspect,no_inspect
0.155,40.0,56.02761341222882,56.26429980276137,0.23668639053255447,inspect,inspect
0.155,42.5,55.569033530572,56.26429980276137,0.6952662721893716,inspect,inspect
0.155,45.0,55.11045364891521,56.26429980276137,1.1538461538461604,inspect,inspect
0.155,47.5,54.651873767258394,56.26429980276137,1.6124260355029776,inspect,inspect
0.155,50.0,54.193293885601605,56.26429980276137,2.0710059171597663,inspect,inspect
0.155,52.5,53.73471400394479,56.26429980276137,2.5295857988165835,inspect,inspect
0.155,55.0,53.276134122288,56.26429980276137,2.9881656804733723,inspect,inspect
0.155,57.5,52.81755424063118,56.26429980276137,3.4467455621301895,inspect,inspect
0.155,60.0,52.358974358974365,56.26429980276137,3.9053254437870066,inspect,inspect
0.155,62.5,51.900394477317576,56.26429980276137,4.363905325443795,inspect,inspect
0.155,65.0,51.44181459566076,56.26429980276137,4.822485207100613,inspect,inspect
0.155,67.5,50.98323471400397,56.26429980276137,5.281065088757401,inspect,inspect
0.155,70.0,50.52465483234715,56.26429980276137,5.7396449704142185,inspect,inspect
0.155,72.5,50.066074950690336,56.26429980276137,6.198224852071036,inspect,inspect
0.155,75.0,49.60749506903355,56.26429980276137,6.656804733727824,inspect,inspect
0.155,77.5,49.14891518737673,56.26429980276137,7.115384615384642,inspect,inspect
0.155,80.0,48.69033530571994,56.26429980276137,7.57396449704143,inspect,inspect
0.155,82.5,48.231755424063124,56.26429980276137,8.032544378698248,inspect,inspect
0.155,85.0,47.773175542406335,56.26429980276137,8.491124260355036,inspect,inspect
0.155,87.5,47.31459566074952,56.26429980276137,8.949704142011853,inspect,inspect
0.155,90.0,46.85601577909273,56.26429980276137,9.408284023668642,inspect,inspect
0.155,92.5,46.39743589743591,56.26429980276137,9.86686390532546,inspect,inspect
0.155,95.0,45.938856015779095,56.26429980276137,10.325443786982277,inspect,inspect
0.155,97.5,45.480276134122306,56.26429980276137,10.784023668639065,inspect,inspect
0.155,100.0,45.02169625246549,56.26429980276137,11.242603550295883,inspect,inspect
0.16,0.0,63.23809523809527,56.0952380952381,-7.142857142857167,no_inspect,no_inspect
0.16,2.5,62.76190476190479,56.0952380952381,-6.666666666666686,no_inspect,no_inspect
0.16,5.0,62.285714285714306,56.0952380952381,-6.190476190476204,no_inspect,no_inspect
0.16,7.5,61.809523809523824,56.0952380952381,-5.714285714285722,no_inspect,no_inspect
0.16,10.0,61.33333333333334,56.0952380952381,-5.238095238095241,no_inspect,no_inspect
0.16,12.5,60.85714285714286,56.0952380952381,-4.761904761904759,no_inspect,no_inspect
0.16,15.0,60.38095238095241,56.0952380952381,-4.285714285714306,no_inspect,no_inspect
0.16,17.5,59.904761904761926,56.0952380952381,-3.8095238095238244,no_inspect,no_inspect
0.16,20.0,59.428571428571445,56.0952380952381,-3.333333333333343,no_inspect,no_inspect
0.16,22.5,58.95238095238096,56.0952380952381,-2.857142857142861,no_inspect,no_inspect
0.16,25.0,58.47619047619048,56.0952380952381,-2.3809523809523796,no_inspect,no_inspect
0.16,27.5,58.00000000000003,56.0952380952381,-1.9047619047619264,no_inspect,no_inspect
0.16,30.0,57.52380952380955,56.0952380952381,-1.4285714285714448,no_inspect,no_inspect
0.16,32.5,57.047619047619065,56.0952380952381,-0.9523809523809632,no_inspect,no_inspect
0.16,35.0,56.571428571428584,56.0952380952381,-0.4761904761904816,no_inspect,no_inspect
0.16,37.5,56.0952380952381,56.0952380952381,0.0,tie,tie
0.16,40.0,55.61904761904765,56.0952380952381,0.4761904761904532,inspect,inspect
0.16,42.5,55.14285714285717,56.0952380952381,0.9523809523809348,inspect,inspect
0.16,45.0,54.666666666666686,56.0952380952381,1.4285714285714164,inspect,inspect
0.16,47.5,54.190476190476204,56.0952380952381,1.904761904761898,inspect,inspect
0.16,50.0,53.71428571428572,56.0952380952381,2.3809523809523796,inspect,inspect
0.16,52.5,53.23809523809524,56.0952380952381,2.857142857142861,inspect,inspect
0.16,55.0,52.76190476190479,56.0952380952381,3.3333333333333144,inspect,inspect
0.16,57.5,52.285714285714306,56.0952380952381,3.809523809523796,inspect,inspect
0.16,60.0,51.809523809523824,56.0952380952381,4.285714285714278,inspect,inspect
0.16,62.5,51.33333333333334,56.0952380952381,4.761904761904759,inspect,inspect
0.16,65.0,50.85714285714286,56.0952380952381,5.238095238095241,inspect,inspect
0.16,67.5,50.38095238095241,56.0952380952381,5.714285714285694,inspect,inspect
0.16,70.0,49.904761904761926,56.0952380952381,6.190476190476176,inspect,inspect
0.16,72.5,49.428571428571445,56.0952380952381,6.666666666666657,inspect,inspect
0.16,75.0,48.95238095238096,56.0952380952381,7.142857142857139,inspect,inspect
0.16,77.5,48.47619047619048,56.0952380952381,7.61904761904762,inspect,inspect
0.16,80.0,48.00000000000003,56.0952380952381,8.095238095238074,inspect,inspect
0.16,82.5,47.52380952380955,56.0952380952381,8.571428571428555,inspect,inspect
0.16,85.0,47.047619047619065,56.0952380952381,9.047619047619037,inspect,inspect
0.16,87.5,46.571428571428584,56.0952380952381,9.523809523809518,inspect,inspect
0.16,90.0,46.0952380952381,56.0952380952381,10.0,inspect,inspect
0.16,92.5,45.61904761904765,56.0952380952381,10.476190476190453,inspect,inspect
0.16,95.0,45.14285714285717,56.0952380952381,10.952380952380935,inspect,inspect
0.16,97.5,44.666666666666686,56.0952380952381,11.428571428571416,inspect,inspect
0.16,100.0,44.190476190476204,56.0952380952381,11.904761904761898,inspect,inspect
0.165,0.0,63.10978043912178,55.9241516966068,-7.185628742514979,no_inspect,no_inspect
0.165,2.5,62.61576846307386,55.9241516966068,-6.691616766467064,no_inspect,no_inspect
0.165,5.0,62.121756487025976,55.9241516966068,-6.197604790419177,no_inspect,no_inspect
0.165,7.5,61.62774451097806,55.9241516966068,-5.703592814371262,no_inspect,no_inspect
0.165,10.0,61.13373253493015,55.9241516966068,-5.2095808383233475,no_inspect,no_inspect
0.165,12.5,60.63972055888226,55.9241516966068,-4.715568862275461,no_inspect,no_inspect
0.165,15.0,60.145708582834345,55.9241516966068,-4.221556886227546,no_inspect,no_inspect
0.165,17.5,59.65169660678646,55.9241516966068,-3.7275449101796596,no_inspect,no_inspect
0.165,20.0,59.157684630738544,55.9241516966068,-3.2335329341317447,no_inspect,no_inspect
0.165,22.5,58.66367265469063,55.9241516966068,-2.73952095808383,no_inspect,no_inspect
0.165,25.0,58.16966067864274,55.9241516966068,-2.2455089820359433,no_inspect,no_inspect
0.165,27.5,57.67564870259483,55.9241516966068,-1.7514970059880284,no_inspect,no_inspect
0.165,30.0,57.18163672654691,55.9241516966068,-1.2574850299401135,no_inspect,no_inspect
0.165,32.5,56.687624750499026,55.9241516966068,-0.763473053892227,no_inspect,no_inspect
0.165,35.0,56.19361277445111,55.9241516966068,-0.26946107784431206,no_inspect,no_inspect
0.165,37.5,55.699600798403196,55.9241516966068,0.22455089820360286,inspect,inspect
0.165,40.0,55.20558882235531,55.9241516966068,0.7185628742514893,inspect,inspect
0.165,42.5,54.711576846307395,55.9241516966068,1.2125748502994043,inspect,inspect
0.165,45.0,54.21756487025951,55.9241516966068,1.7065868263472908,inspect,inspect
0.165,47.5,53.72355289421159,55.9241516966068,2.2005988023952057,inspect,inspect
0.165,50.0,53.22954091816368,55.9241516966068,2.6946107784431206,inspect,inspect
0.165,52.5,52.73552894211579,55.9241516966068,3.188622754491007,inspect,inspect
0.165,55.0,52.24151696606788,55.9241516966068,3.682634730538922,inspect,inspect
0.165,57.5,51.74750499001996,55.9241516966068,4.176646706586837,inspect,inspect
0.165,60.0,51.253493013972076,55.9241516966068,4.670658682634723,inspect,inspect
0.165,62.5,50.75948103792416,55.9241516966068,5.164670658682638,inspect,inspect
0.165,65.0,50.265469061876274,55.9241516966068,5.658682634730525,inspect,inspect
0.165,67.5,49.77145708582836,55.9241516966068,6.15269461077844,inspect,inspect
0.165,70.0,49.277445109780444,55.9241516966068,6.646706586826355,inspect,inspect
0.165,72.5,48.78343313373256,55.9241516966068,7.140718562874241,inspect,inspect
0.165,75.0,48.28942115768464,55.9241516966068,7.634730538922156,inspect,inspect
0.165,77.5,47.79540918163673,55.9241516966068,8.128742514970071,inspect,inspect
0.165,80.0,47.30139720558884,55.9241516966068,8.622754491017957,inspect,inspect
0.165,82.5,46.80738522954093,55.9241516966068,9.116766467065872,inspect,inspect
0.165,85.0,46.31337325349301,55.9241516966068,9.610778443113787,inspect,inspect
0.165,87.5,45.819361277445125,55.9241516966068,10.104790419161674,inspect,inspect
0.165,90.0,45.32534930139721,55.9241516966068,10.598802395209589,inspect,inspect
0.165,92.5,44.831337325349324,55.9241516966068,11.092814371257475,inspect,inspect
0.165,95.0,44.33732534930141,55.9241516966068,11.58682634730539,inspect,inspect
0.165,97.5,43.84331337325352,55.9241516966068,12.080838323353277,inspect,inspect
0.165,100.0,43.34930139720561,55.9241516966068,12.574850299401191,inspect,inspect
0.17,0.0,62.97991967871488,55.751004016064286,-7.228915662650593,no_inspect,no_inspect
0.17,2.5,62.46787148594379,55.751004016064286,-6.716867469879503,no_inspect,no_inspect
0.17,5.0,61.9558232931727,55.751004016064286,-6.204819277108413,no_inspect,no_inspect
0.17,7.5,61.44377510040164,55.751004016064286,-5.692771084337352,no_inspect,no_inspect
0.17,10.0,60.93172690763055,55.751004016064286,-5.180722891566262,no_inspect,no_inspect
0.17,12.5,60.41967871485946,55.751004016064286,-4.668674698795172,no_inspect,no_inspect
0.17,15.0,59.90763052208837,55.751004016064286,-4.156626506024082,no_inspect,no_inspect
0.17,17.5,59.39558232931728,55.751004016064286,-3.6445783132529925,no_inspect,no_inspect
0.17,20.0,58.88353413654619,55.751004016064286,-3.1325301204819027,no_inspect,no_inspect
0.17,22.5,58.37148594377513,55.751004016064286,-2.6204819277108413,no_inspect,no_inspect
0.17,25.0,57.85943775100404,55.751004016064286,-2.1084337349397515,no_inspect,no_inspect
0.17,27.5,57.34738955823295,55.751004016064286,-1.5963855421686617,no_inspect,no_inspect
0.17,30.0,56.83534136546186,55.751004016064286,-1.0843373493975719,no_inspect,no_inspect
0.17,32.5,56.32329317269077,55.751004016064286,-0.572289156626482,no_inspect,no_inspect
0.17,35.0,55.81124497991971,55.751004016064286,-0.06024096385542066,no_inspect,no_inspect
0.17,37.5,55.29919678714862,55.751004016064286,0.45180722891566916,inspect,inspect
0.17,40.0,54.78714859437753,55.751004016064286,0.963855421686759,inspect,inspect
0.17,42.5,54.27510040160644,55.751004016064286,1.4759036144578488,inspect,inspect
0.17,45.0,53.76305220883535,55.751004016064286,1.9879518072289386,inspect,inspect
0.17,47.5,53.25100401606426,55.751004016064286,2.5000000000000284,inspect,inspect
0.17,50.0,52.738955823293196,55.751004016064286,3.01204819277109,inspect,inspect
0.17,52.5,52.226907630522106,55.751004016064286,3.5240963855421796,inspect,inspect
0.17,55.0,51.71485943775102,55.751004016064286,4.0361445783132694,inspect,inspect
0.17,57.5,51.20281124497993,55.751004016064286,4.548192771084359,inspect,inspect
0.17,60.0,50.69076305220884,55.751004016064286,5.060240963855449,inspect,inspect
0.17,62.5,50.178714859437775,55.751004016064286,5.5722891566265105,inspect,inspect
0.17,65.0,49.666666666666686,55.751004016064286,6.0843373493976,inspect,inspect
0.17,67.5,49.154618473895596,55.751004016064286,6.59638554216869,inspect,inspect
0.17,70.0,48.642570281124506,55.751004016064286,7.10843373493978,inspect,inspect
0.17,72.5,48.130522088353416,55.751004016064286,7.62048192771087,inspect,inspect
0.17,75.0,47.618473895582355,55.751004016064286,8.132530120481931,inspect,inspect
0.17,77.5,47.106425702811265,55.751004016064286,8.644578313253021,inspect,inspect
0.17,80.0,46.594377510040175,55.751004016064286,9.15662650602411,inspect,inspect
0.17,82.5,46.082329317269085,55.751004016064286,9.6686746987952,inspect,inspect
0.17,85.0,45.570281124497996,55.751004016064286,10.18072289156629,inspect,inspect
0.17,87.5,45.058232931726934,55.751004016064286,10.692771084337352,inspect,inspect
0.17,90.0,44.546184738955844,55.751004016064286,11.204819277108442,inspect,inspect
0.17,92.5,44.034136546184754,55.751004016064286,11.716867469879531,inspect,inspect
0.17,95.0,43.522088353413665,55.751004016064286,12.228915662650621,inspect,inspect
0.17,97.5,43.010040160642575,55.751004016064286,12.740963855421711,inspect,inspect
0.17,100.0,42.497991967871485,55.751004016064286,13.2530120481928,inspect,inspect
0.17500000000000002,0.0,62.84848484848487,55.57575757575759,-7.2727272727272805,no_inspect,no_inspect
0.17500000000000002,2.5,62.31818181818184,55.57575757575759,-6.742424242424249,no_inspect,no_inspect
0.17500000000000002,5.0,61.78787878787881,55.57575757575759,-6.212121212121218,no_inspect,no_inspect
0.17500000000000002,7.5,61.25757575757578,55.57575757575759,-5.681818181818187,no_inspect,no_inspect
0.17500000000000002,10.0,60.72727272727275,55.57575757575759,-5.151515151515156,no_inspect,no_inspect
0.17500000000000002,12.5,60.19696969696972,55.57575757575759,-4.621212121212125,no_inspect,no_inspect
0.17500000000000002,15.0,59.666666666666686,55.57575757575759,-4.0909090909090935,no_inspect,no_inspect
0.17500000000000002,17.5,59.136363636363654,55.57575757575759,-3.5606060606060623,no_inspect,no_inspect
0.17500000000000002,20.0,58.60606060606062,55.57575757575759,-3.030303030303031,no_inspect,no_inspect
0.17500000000000002,22.5,58.07575757575759,55.57575757575759,-2.5,no_inspect,no_inspect
0.17500000000000002,25.0,57.54545454545456,55.57575757575759,-1.9696969696969688,no_inspect,no_inspect
0.17500000000000002,27.5,57.01515151515153,55.57575757575759,-1.4393939393939377,no_inspect,no_inspect
0.17500000000000002,30.0,56.4848484848485,55.57575757575759,-0.9090909090909065,no_inspect,no_inspect
0.17500000000000002,32.5,55.95454545454547,55.57575757575759,-0.37878787878787534,no_inspect,no_inspect
0.17500000000000002,35.0,55.424242424242436,55.57575757575759,0.15151515151515582,inspect,inspect
0.17500000000000002,37.5,54.893939393939405,55.57575757575759,0.681818181818187,inspect,inspect
0.17500000000000002,40.0,54.363636363636374,55.57575757575759,1.2121212121212182,inspect,inspect
0.17500000000000002,42.5,53.83333333333334,55.57575757575759,1.7424242424242493,inspect,inspect
0.17500000000000002,45.0,53.30303030303031,55.57575757575759,2.2727272727272805,inspect,inspect
0.17500000000000002,47.5,52.77272727272728,55.57575757575759,2.8030303030303116,inspect,inspect
0.17500000000000002,50.0,52.24242424242425,55.57575757575759,3.333333333333343,inspect,inspect
0.17500000000000002,52.5,51.71212121212122,55.57575757575759,3.863636363636374,inspect,inspect
0.17500000000000002,55.0,51.18181818181819,55.57575757575759,4.393939393939405,inspect,inspect
0.17500000000000002,57.5,50.651515151515156,55.57575757575759,4.924242424242436,inspect,inspect
0.17500000000000002,60.0,50.121212121212125,55.57575757575759,5.4545454545454675,inspect,inspect
0.17500000000000002,62.5,49.59090909090909,55.57575757575759,5.984848484848499,inspect,inspect
0.17500000000000002,65.0,49.06060606060606,55.57575757575759,6.51515151515153,inspect,inspect
0.17500000000000002,67.5,48.53030303030306,55.57575757575759,7.0454545454545325,inspect,inspect
0.17500000000000002,70.0,48.0,55.57575757575759,7.575757575757592,inspect,inspect
0.17500000000000002,72.5,47.469696969697,55.57575757575759,8.106060606060595,inspect,inspect
0.17500000000000002,75.0,46.93939393939394,55.57575757575759,8.636363636363654,inspect,inspect
0.17500000000000002,77.5,46.409090909090935,55.57575757575759,9.166666666666657,inspect,inspect
0.17500000000000002,80.0,45.878787878787904,55.57575757575759,9.696969696969688,inspect,inspect
0.17500000000000002,82.5,45.34848484848487,55.57575757575759,10.22727272727272,inspect,inspect
0.17500000000000002,85.0,44.81818181818184,55.57575757575759,10.75757575757575,inspect,inspect
0.17500000000000002,87.5,44.28787878787881,55.57575757575759,11.287878787878782,inspect,inspect
0.17500000000000002,90.0,43.75757575757578,55.57575757575759,11.818181818181813,inspect,inspect
0.17500000000000002,92.5,43.22727272727275,55.57575757575759,12.348484848484844,inspect,inspect
0.17500000000000002,95.0,42.69696969696972,55.57575757575759,12.878787878787875,inspect,inspect
0.17500000000000002,97.5,42.166666666666686,55.57575757575759,13.409090909090907,inspect,inspect
0.17500000000000002,100.0,41.636363636363654,55.57575757575759,13.939393939393938,inspect,inspect
0.18000000000000002,0.0,62.715447154471576,55.398373983739845,-7.317073170731732,no_inspect,no_inspect
0.18000000000000002,2.5,62.166666666666686,55.398373983739845,-6.768292682926841,no_inspect,no_inspect
0.18000000000000002,5.0,61.617886178861795,55.398373983739845,-6.2195121951219505,no_inspect,no_inspect
0.18000000000000002,7.5,61.06910569105693,55.398373983739845,-5.670731707317088,no_inspect,no_inspect
0.18000000000000002,10.0,60.52032520325204,55.398373983739845,-5.121951219512198,no_inspect,no_inspect
0.18000000000000002,12.5,59.97154471544718,55.398373983739845,-4.573170731707336,no_inspect,no_inspect
0.18000000000000002,15.0,59.42276422764229,55.398373983739845,-4.024390243902445,no_inspect,no_inspect
0.18000000000000002,17.5,58.87398373983743,55.398373983739845,-3.475609756097583,no_inspect,no_inspect
0.18000000000000002,20.0,58.32520325203254,55.398373983739845,-2.9268292682926926,no_inspect,no_inspect
0.18000000000000002,22.5,57.77642276422765,55.398373983739845,-2.378048780487802,no_inspect,no_inspect
0.18000000000000002,25.0,57.227642276422785,55.398373983739845,-1.82926829268294,no_inspect,no_inspect
0.18000000000000002,27.5,56.678861788617894,55.398373983739845,-1.2804878048780495,no_inspect,no_inspect
0.18000000000000002,30.0,56.13008130081303,55.398373983739845,-0.7317073170731874,no_inspect,no_inspect
0.18000000000000002,32.5,55.58130081300814,55.398373983739845,-0.18292682926829684,no_inspect,no_inspect
0.18000000000000002,35.0,55.03252032520328,55.398373983739845,0.36585365853656526,inspect,inspect
0.18000000000000002,37.5,54.48373983739839,55.398373983739845,0.9146341463414558,inspect,inspect
0.18000000000000002,40.0,53.9349593495935,55.398373983739845,1.4634146341463463,inspect,inspect
0.18000000000000002,42.5,53.386178861788636,55.398373983739845,2.0121951219512084,inspect,inspect
0.18000000000000002,45.0,52.837398373983746,55.398373983739845,2.560975609756099,inspect,inspect
0.18000000000000002,47.5,52.28861788617888,55.398373983739845,3.109756097560961,inspect,inspect
0.18000000000000002,50.0,51.73983739837399,55.398373983739845,3.6585365853658516,inspect,inspect
0.18000000000000002,52.5,51.19105691056913,55.398373983739845,4.207317073170714,inspect,inspect
0.18000000000000002,55.0,50.64227642276424,55.398373983739845,4.756097560975604,inspect,inspect
0.18000000000000002,57.5,50.09349593495938,55.398373983739845,5.304878048780466,inspect,inspect
0.18000000000000002,60.0,49.54471544715449,55.398373983739845,5.853658536585357,inspect,inspect
0.18000000000000002,62.5,48.9959349593496,55.398373983739845,6.402439024390247,inspect,inspect
0.18000000000000002,65.0,48.447154471544735,55.398373983739845,6.9512195121951095,inspect,inspect
0.18000000000000002,67.5,47.898373983739845,55.398373983739845,7.5,inspect,inspect
0.18000000000000002,70.0,47.34959349593498,55.398373983739845,8.048780487804862,inspect,inspect
0.18000000000000002,72.5,46.80081300813009,55.398373983739845,8.597560975609753,inspect,inspect
0.18000000000000002,75.0,46.2520325203252,55.398373983739845,9.146341463414643,inspect,inspect
0.18000000000000002,77.5,45.70325203252034,55.398373983739845,9.695121951219505,inspect,inspect
0.18000000000000002,80.0,45.15447154471545,55.398373983739845,10.243902439024396,inspect,inspect
0.18000000000000002,82.5,44.60569105691059,55.398373983739845,10.792682926829258,inspect,inspect
0.18000000000000002,85.0,44.056910569105696,55.398373983739845,11.341463414634148,inspect,inspect
0.18000000000000002,87.5,43.508130081300834,55.398373983739845,11.89024390243901,inspect,inspect
0.18000000000000002,90.0,42.95934959349594,55.398373983739845,12.439024390243901,inspect,inspect
0.18000000000000002,92.5,42.41056910569108,55.398373983739845,12.987804878048763,inspect,inspect
0.18000000000000002,95.0,41.86178861788619,55.398373983739845,13.536585365853654,inspect,inspect
0.18000000000000002,97.5,41.3130081300813,55.398373983739845,14.085365853658544,inspect,inspect
0.18000000000000002,100.0,40.76422764227644,55.398373983739845,14.634146341463406,inspect,inspect
0.185,0.0,62.58077709611453,55.21881390593049,-7.361963190184042,no_inspect,no_inspect
0.185,2.5,62.013292433537856,55.21881390593049,-6.794478527607367,no_inspect,no_inspect
0.185,5.0,61.44580777096115,55.21881390593049,-6.226993865030664,no_inspect,no_inspect
0.185,7.5,60.87832310838448,55.21881390593049,-5.6595092024539895,no_inspect,no_inspect
0.185,10.0,60.310838445807775,55.21881390593049,-5.092024539877286,no_inspect,no_inspect
0.185,12.5,59.7433537832311,55.21881390593049,-4.524539877300612,no_inspect,no_inspect
0.185,15.0,59.175869120654426,55.21881390593049,-3.957055214723937,no_inspect,no_inspect
0.185,17.5,58.60838445807772,55.21881390593049,-3.3895705521472337,no_inspect,no_inspect
0.185,20.0,58.04089979550105,55.21881390593049,-2.822085889570559,no_inspect,no_inspect
0.185,22.5,57.473415132924345,55.21881390593049,-2.254601226993856,no_inspect,no_inspect
0.185,25.0,56.90593047034767,55.21881390593049,-1.687116564417181,no_inspect,no_inspect
0.185,27.5,56.33844580777097,55.21881390593049,-1.119631901840478,no_inspect,no_inspect
0.185,30.0,55.77096114519429,55.21881390593049,-0.5521472392638032,no_inspect,no_inspect
0.185,32.5,55.20347648261759,55.21881390593049,0.0153374233129,inspect,inspect
0.185,35.0,54.635991820040914,55.21881390593049,0.5828220858895747,inspect,inspect
0.185,37.5,54.06850715746424,55.21881390593049,1.1503067484662495,inspect,inspect
0.185,40.0,53.501022494887536,55.21881390593049,1.7177914110429526,inspect,inspect
0.185,42.5,52.93353783231086,55.21881390593049,2.2852760736196274,inspect,inspect
0.185,45.0,52.36605316973416,55.21881390593049,2.8527607361963305,inspect,inspect
0.185,47.5,51.79856850715748,55.21881390593049,3.4202453987730053,inspect,inspect
0.185,50.0,51.23108384458078,55.21881390593049,3.9877300613497084,inspect,inspect
0.185,52.5,50.663599182004106,55.21881390593049,4.555214723926383,inspect,inspect
0.185,55.0,50.09611451942743,55.21881390593049,5.122699386503058,inspect,inspect
0.185,57.5,49.52862985685073,55.21881390593049,5.690184049079761,inspect,inspect
0.185,60.0,48.96114519427405,55.21881390593049,6.257668711656436,inspect,inspect
0.185,62.5,48.39366053169735,55.21881390593049,6.825153374233139,inspect,inspect
0.185,65.0,47.826175869120675,55.21881390593049,7.392638036809814,inspect,inspect
0.185,67.5,47.25869120654397,55.21881390593049,7.960122699386517,inspect,inspect
0.185,70.0,46.6912065439673,55.21881390593049,8.527607361963192,inspect,inspect
0.185,72.5,46.123721881390594,55.21881390593049,9.095092024539895,inspect,inspect
0.185,75.0,45.55623721881392,55.21881390593049,9.66257668711657,inspect,inspect
0.185,77.5,44.988752556237245,55.21881390593049,10.230061349693244,inspect,inspect
0.185,80.0,44.42126789366054,55.21881390593049,10.797546012269947,inspect,inspect
0.185,82.5,43.85378323108387,55.21881390593049,11.365030674846622,inspect,inspect
0.185,85.0,43.28629856850716,55.21881390593049,11.932515337423325,inspect,inspect
0.185,87.5,42.71881390593049,55.21881390593049,12.5,inspect,inspect
0.185,90.0,42.151329243353786,55.21881390593049,13.067484662576703,inspect,inspect
0.185,92.5,41.58384458077711,55.21881390593049,13.634969325153378,inspect,inspect
0.185,95.0,41.01635991820041,55.21881390593049,14.202453987730081,inspect,inspect
0.185,97.5,40.44887525562373,55.21881390593049,14.769938650306756,inspect,inspect
0.185,100.0,39.88139059304706,55.21881390593049,15.33742331288343,inspect,inspect
0.19,0.0,62.44444444444446,55.03703703703707,-7.407407407407391,no_inspect,no_inspect
0.19,2.5,61.858024691358054,55.03703703703707,-6.820987654320987,no_inspect,no_inspect
0.19,5.0,61.27160493827162,55.03703703703707,-6.234567901234556,no_inspect,no_inspect
0.19,7.5,60.68518518518522,55.03703703703707,-5.648148148148152,no_inspect,no_inspect
0.19,10.0,60.09876543209879,55.03703703703707,-5.061728395061721,no_inspect,no_inspect
0.19,12.5,59.512345679012356,55.03703703703707,-4.475308641975289,no_inspect,no_inspect
0.19,15.0,58.92592592592595,55.03703703703707,-3.8888888888888857,no_inspect,no_inspect
0.19,17.5,58.33950617283952,55.03703703703707,-3.302469135802454,no_inspect,no_inspect
0.19,20.0,57.75308641975312,55.03703703703707,-2.716049382716051,no_inspect,no_inspect
0.19,22.5,57.166666666666686,55.03703703703707,-2.129629629629619,no_inspect,no_inspect
0.19,25.0,56.58024691358028,55.03703703703707,-1.5432098765432158,no_inspect,no_inspect
0.19,27.5,55.99382716049385,55.03703703703707,-0.9567901234567842,no_inspect,no_inspect
0.19,30.0,55.40740740740742,55.03703703703707,-0.3703703703703525,no_inspect,no_inspect
0.19,32.5,54.820987654321016,55.03703703703707,0.2160493827160508,inspect,inspect
0.19,35.0,54.234567901234584,55.03703703703707,0.8024691358024825,inspect,inspect
0.19,37.5,53.64814814814818,55.03703703703707,1.3888888888888857,inspect,inspect
0.19,40.0,53.06172839506175,55.03703703703707,1.9753086419753174,inspect,inspect
0.19,42.5,52.475308641975346,55.03703703703707,2.5617283950617207,inspect,inspect
0.19,45.0,51.888888888888914,55.03703703703707,3.1481481481481524,inspect,inspect
0.19,47.5,51.30246913580248,55.03703703703707,3.734567901234584,inspect,inspect
0.19,50.0,50.71604938271608,55.03703703703707,4.320987654320987,inspect,inspect
0.19,52.5,50.12962962962965,55.03703703703707,4.907407407407419,inspect,inspect
0.19,55.0,49.543209876543244,55.03703703703707,5.493827160493822,inspect,inspect
0.19,57.5,48.95679012345681,55.03703703703707,6.080246913580254,inspect,inspect
0.19,60.0,48.37037037037038,55.03703703703707,6.666666666666686,inspect,inspect
0.19,62.5,47.78395061728398,55.03703703703707,7.253086419753089,inspect,inspect
0.19,65.0,47.197530864197546,55.03703703703707,7.839506172839521,inspect,inspect
0.19,67.5,46.61111111111114,55.03703703703707,8.425925925925924,inspect,inspect
0.19,70.0,46.02469135802471,55.03703703703707,9.012345679012356,inspect,inspect
0.19,72.5,45.43827160493831,55.03703703703707,9.598765432098759,inspect,inspect
0.19,75.0,44.851851851851876,55.03703703703707,10.18518518518519,inspect,inspect
0.19,77.5,44.265432098765444,55.03703703703707,10.771604938271622,inspect,inspect
0.19,80.0,43.67901234567904,55.03703703703707,11.358024691358025,inspect,inspect
0.19,82.5,43.09259259259261,55.03703703703707,11.944444444444457,inspect,inspect
0.19,85.0,42.506172839506206,55.03703703703707,12.53086419753086,inspect,inspect
0.19,87.5,41.919753086419774,55.03703703703707,13.117283950617292,inspect,inspect
0.19,90.0,41.33333333333337,55.03703703703707,13.703703703703695,inspect,inspect
0.19,92.5,40.74691358024694,55.03703703703707,14.290123456790127,inspect,inspect
0.19,95.0,40.16049382716051,55.03703703703707,14.876543209876559,inspect,inspect
0.19,97.5,39.574074074074105,55.03703703703707,15.462962962962962,inspect,inspect
0.19,100.0,38.98765432098767,55.03703703703707,16.049382716049394,inspect,inspect
0.195,0.0,62.306418219461705,54.85300207039339,-7.4534161490683175,no_inspect,no_inspect
0.195,2.5,61.70082815734992,54.85300207039339,-6.84782608695653,no_inspect,no_inspect
0.195,5.0,61.0952380952381,54.85300207039339,-6.242236024844715,no_inspect,no_inspect
0.195,7.5,60.489648033126315,54.85300207039339,-5.636645962732928,no_inspect,no_inspect
0.195,10.0,59.8840579710145,54.85300207039339,-5.031055900621112,no_inspect,no_inspect
0.195,12.5,59.27846790890271,54.85300207039339,-4.425465838509325,no_inspect,no_inspect
0.195,15.0,58.6728778467909,54.85300207039339,-3.8198757763975095,no_inspect,no_inspect
0.195,17.5,58.06728778467911,54.85300207039339,-3.2142857142857224,no_inspect,no_inspect
0.195,20.0,57.461697722567294,54.85300207039339,-2.608695652173907,no_inspect,no_inspect
0.195,22.5,56.85610766045551,54.85300207039339,-2.0031055900621197,no_inspect,no_inspect
0.195,25.0,56.25051759834369,54.85300207039339,-1.3975155279503042,no_inspect,no_inspect
0.195,27.5,55.644927536231904,54.85300207039339,-0.7919254658385171,no_inspect,no_inspect
0.195,30.0,55.03933747412009,54.85300207039339,-0.18633540372670154,no_inspect,no_inspect
0.195,32.5,54.4337474120083,54.85300207039339,0.4192546583850856,inspect,inspect
0.195,35.0,53.828157349896486,54.85300207039339,1.0248447204969011,inspect,inspect
0.195,37.5,53.2225672877847,54.85300207039339,1.6304347826086882,inspect,inspect
0.195,40.0,52.61697722567288,54.85300207039339,2.236024844720504,inspect,inspect
0.195,42.5,52.011387163561096,54.85300207039339,2.841614906832291,inspect,inspect
0.195,45.0,51.40579710144928,54.85300207039339,3.4472049689441064,inspect,inspect
0.195,47.5,50.800207039337494,54.85300207039339,4.052795031055894,inspect,inspect
0.195,50.0,50.19461697722568,54.85300207039339,4.658385093167709,inspect,inspect
0.195,52.5,49.58902691511389,54.85300207039339,5.263975155279496,inspect,inspect
0.195,55.0,48.983436853002075,54.85300207039339,5.869565217391312,inspect,inspect
0.195,57.5,48.37784679089029,54.85300207039339,6.475155279503099,inspect,inspect
0.195,60.0,47.77225672877847,54.85300207039339,7.080745341614914,inspect,inspect
0.195,62.5,47.166666666666686,54.85300207039339,7.6863354037267015,inspect,inspect
0.195,65.0,46.56107660455487,54.85300207039339,8.291925465838517,inspect,inspect
0.195,67.5,45.95548654244308,54.85300207039339,8.897515527950304,inspect,inspect
0.195,70.0,45.34989648033127,54.85300207039339,9.50310559006212,inspect,inspect
0.195,72.5,44.74430641821948,54.85300207039339,10.108695652173907,inspect,inspect
0.195,75.0,44.138716356107665,54.85300207039339,10.714285714285722,inspect,inspect
0.195,77.5,43.53312629399588,54.85300207039339,11.31987577639751,inspect,inspect
0.195,80.0,42.92753623188406,54.85300207039339,11.925465838509325,inspect,inspect
0.195,82.5,42.321946169772275,54.85300207039339,12.531055900621112,inspect,inspect
0.195,85.0,41.71635610766046,54.85300207039339,13.136645962732928,inspect,inspect
0.195,87.5,41.11076604554867,54.85300207039339,13.742236024844715,inspect,inspect
0.195,90.0,40.50517598343686,54.85300207039339,14.34782608695653,inspect,inspect
0.195,92.5,39.89958592132507,54.85300207039339,14.953416149068318,inspect,inspect
0.195,95.0,39.293995859213254,54.85300207039339,15.559006211180133,inspect,inspect
0.195,97.5,38.68840579710147,54.85300207039339,16.16459627329192,inspect,inspect
0.195,100.0,38.08281573498965,54.85300207039339,16.770186335403736,inspect,inspect
0.2,0.0,62.166666666666686,54.666666666666686,-7.5,no_inspect,no_inspect
0.2,2.5,61.541666666666686,54.666666666666686,-6.875,no_inspect,no_inspect
0.2,5.0,60.916666666666686,54.666666666666686,-6.25,no_inspect,no_inspect
0.2,7.5,60.291666666666686,54.666666666666686,-5.625,no_inspect,no_inspect
0.2,10.0,59.666666666666686,54.666666666666686,-5.0,no_inspect,no_inspect
0.2,12.5,59.041666666666686,54.666666666666686,-4.375,no_inspect,no_inspect
0.2,15.0,58.416666666666686,54.666666666666686,-3.75,no_inspect,no_inspect
0.2,17.5,57.791666666666686,54.666666666666686,-3.125,no_inspect,no_inspect
0.2,20.0,57.166666666666686,54.666666666666686,-2.5,no_inspect,no_inspect
0.2,22.5,56.541666666666686,54.666666666666686,-1.875,no_inspect,no_inspect
0.2,25.0,55.916666666666686,54.666666666666686,-1.25,no_inspect,no_inspect
0.2,27.5,55.291666666666686,54.666666666666686,-0.625,no_inspect,no_inspect
0.2,30.0,54.666666666666686,54.666666666666686,0.0,tie,tie
0.2,32.5,54.041666666666686,54.666666666666686,0.625,inspect,inspect
0.2,35.0,53.416666666666686,54.666666666666686,1.25,inspect,inspect
0.2,37.5,52.791666666666686,54.666666666666686,1.875,inspect,inspect
0.2,40.0,52.166666666666686,54.666666666666686,2.5,inspect,inspect
0.2,42.5,51.541666666666686,54.666666666666686,3.125,inspect,inspect
0.2,45.0,50.916666666666686,54.666666666666686,3.75,inspect,inspect
0.2,47.5,50.291666666666686,54.666666666666686,4.375,inspect,inspect
0.2,50.0,49.666666666666686,54.666666666666686,5.0,inspect,inspect
0.2,52.5,49.041666666666686,54.666666666666686,5.625,inspect,inspect
0.2,55.0,48.416666666666686,54.666666666666686,6.25,inspect,inspect
0.2,57.5,47.791666666666686,54.666666666666686,6.875,inspect,inspect
0.2,60.0,47.166666666666686,54.666666666666686,7.5,inspect,inspect
0.2,62.5,46.541666666666686,54.666666666666686,8.125,inspect,inspect
0.2,65.0,45.916666666666686,54.666666666666686,8.75,inspect,inspect
0.2,67.5,45.291666666666686,54.666666666666686,9.375,inspect,inspect
0.2,70.0,44.666666666666686,54.666666666666686,10.0,inspect,inspect
0.2,72.5,44.041666666666686,54.666666666666686,10.625,inspect,inspect
0.2,75.0,43.416666666666686,54.666666666666686,11.25,inspect,inspect
0.2,77.5,42.791666666666686,54.666666666666686,11.875,inspect,inspect
0.2,80.0,42.166666666666686,54.666666666666686,12.5,inspect,inspect
0.2,82.5,41.541666666666686,54.666666666666686,13.125,inspect,inspect
0.2,85.0,40.916666666666686,54.666666666666686,13.75,inspect,inspect
0.2,87.5,40.291666666666686,54.666666666666686,14.375,inspect,inspect
0.2,90.0,39.666666666666686,54.666666666666686,15.0,inspect,inspect
0.2,92.5,39.041666666666686,54.666666666666686,15.625,inspect,inspect
0.2,95.0,38.416666666666686,54.666666666666686,16.25,inspect,inspect
0.2,97.5,37.791666666666686,54.666666666666686,16.875,inspect,inspect
0.2,100.0,37.166666666666686,54.666666666666686,17.5,inspect,inspect
0.20500000000000002,0.0,62.02515723270443,54.47798742138366,-7.547169811320771,no_inspect,no_inspect
0.20500000000000002,2.5,61.380503144654114,54.47798742138366,-6.902515723270454,no_inspect,no_inspect
0.20500000000000002,5.0,60.7358490566038,54.47798742138366,-6.257861635220138,no_inspect,no_inspect
0.20500000000000002,7.5,60.09119496855348,54.47798742138366,-5.6132075471698215,no_inspect,no_inspect
0.20500000000000002,10.0,59.446540880503164,54.47798742138366,-4.968553459119505,no_inspect,no_inspect
0.20500000000000002,12.5,58.80188679245285,54.47798742138366,-4.323899371069189,no_inspect,no_inspect
0.20500000000000002,15.0,58.15723270440253,54.47798742138366,-3.679245283018872,no_inspect,no_inspect
0.20500000000000002,17.5,57.512578616352215,54.47798742138366,-3.034591194968556,no_inspect,no_inspect
0.20500000000000002,20.0,56.8679245283019,54.47798742138366,-2.3899371069182394,no_inspect,no_inspect
0.20500000000000002,22.5,56.22327044025158,54.47798742138366,-1.745283018867923,no_inspect,no_inspect
0.20500000000000002,25.0,55.578616352201266,54.47798742138366,-1.1006289308176065,no_inspect,no_inspect
0.20500000000000002,27.5,54.93396226415095,54.47798742138366,-0.45597484276729006,no_inspect,no_inspect
0.20500000000000002,30.0,54.28930817610063,54.47798742138366,0.18867924528302638,inspect,inspect
0.20500000000000002,32.5,53.644654088050316,54.47798742138366,0.8333333333333428,inspect,inspect
0.20500000000000002,35.0,53.0,54.47798742138366,1.4779874213836592,inspect,inspect
0.20500000000000002,37.5,52.35534591194971,54.47798742138366,2.1226415094339472,inspect,inspect
0.20500000000000002,40.0,51.710691823899396,54.47798742138366,2.7672955974842637,inspect,inspect
0.20500000000000002,42.5,51.06603773584908,54.47798742138366,3.41194968553458,inspect,inspect
0.20500000000000002,45.0,50.42138364779876,54.47798742138366,4.0566037735848965,inspect,inspect
0.20500000000000002,47.5,49.776729559748446,54.47798742138366,4.701257861635213,inspect,inspect
0.20500000000000002,50.0,49.13207547169813,54.47798742138366,5.345911949685529,inspect,inspect
0.20500000000000002,52.5,48.48742138364781,54.47798742138366,5.990566037735846,inspect,inspect
0.20500000000000002,55.0,47.8427672955975,54.47798742138366,6.635220125786162,inspect,inspect
0.20500000000000002,57.5,47.19811320754718,54.47798742138366,7.279874213836479,inspect,inspect
0.20500000000000002,60.0,46.553459119496864,54.47798742138366,7.924528301886795,inspect,inspect
0.20500000000000002,62.5,45.90880503144655,54.47798742138366,8.569182389937112,inspect,inspect
0.20500000000000002,65.0,45.26415094339623,54.47798742138366,9.213836477987428,inspect,inspect
0.20500000000000002,67.5,44.619496855345915,54.47798742138366,9.858490566037744,inspect,inspect
0.20500000000000002,70.0,43.9748427672956,54.47798742138366,10.50314465408806,inspect,inspect
0.20500000000000002,72.5,43.33018867924528,54.47798742138366,11.147798742138377,inspect,inspect
0.20500000000000002,75.0,42.685534591194966,54.47798742138366,11.792452830188694,inspect,inspect
0.20500000000000002,77.5,42.04088050314468,54.47798742138366,12.437106918238982,inspect,inspect
0.20500000000000002,80.0,41.39622641509436,54.47798742138366,13.081761006289298,inspect,inspect
0.20500000000000002,82.5,40.751572327044045,54.47798742138366,13.726415094339615,inspect,inspect
0.20500000000000002,85.0,40.10691823899373,54.47798742138366,14.371069182389931,inspect,inspect
0.20500000000000002,87.5,39.46226415094341,54.47798742138366,15.015723270440247,inspect,inspect
0.20500000000000002,90.0,38.817610062893095,54.47798742138366,15.660377358490564,inspect,inspect
0.20500000000000002,92.5,38.17295597484278,54.47798742138366,16.30503144654088,inspect,inspect
0.20500000000000002,95.0,37.52830188679246,54.47798742138366,16.949685534591197,inspect,inspect
0.20500000000000002,97.5,36.883647798742146,54.47798742138366,17.594339622641513,inspect,inspect
0.20500000000000002,100.0,36.23899371069183,54.47798742138366,18.23899371069183,inspect,inspect
0.21000000000000002,0.0,61.881856540084414,54.286919831223656,-7.594936708860757,no_inspect,no_inspect
0.21000000000000002,2.5,61.217299578059084,54.286919831223656,-6.930379746835428,no_inspect,no_inspect
0.21000000000000002,5.0,60.55274261603378,54.286919831223656,-6.265822784810126,no_inspect,no_inspect
0.21000000000000002,7.5,59.88818565400845,54.286919831223656,-5.6012658227847965,no_inspect,no_inspect
0.21000000000000002,10.0,59.22362869198315,54.286919831223656,-4.936708860759495,no_inspect,no_inspect
0.21000000000000002,12.5,58.55907172995782,54.286919831223656,-4.272151898734165,no_inspect,no_inspect
0.21000000000000002,15.0,57.89451476793252,54.286919831223656,-3.607594936708864,no_inspect,no_inspect
0.21000000000000002,17.5,57.22995780590719,54.286919831223656,-2.9430379746835342,no_inspect,no_inspect
0.21000000000000002,20.0,56.56540084388189,54.286919831223656,-2.278481012658233,no_inspect,no_inspect
0.21000000000000002,22.5,55.90084388185656,54.286919831223656,-1.6139240506329031,no_inspect,no_inspect
0.21000000000000002,25.0,55.23628691983126,54.286919831223656,-0.9493670886076018,no_inspect,no_inspect
0.21000000000000002,27.5,54.57172995780593,54.286919831223656,-0.284810126582272,no_inspect,no_inspect
0.21000000000000002,30.0,53.90717299578063,54.286919831223656,0.37974683544302934,inspect,inspect
0.21000000000000002,32.5,53.2426160337553,54.286919831223656,1.044303797468359,inspect,inspect
0.21000000000000002,35.0,52.57805907172997,54.286919831223656,1.7088607594936889,inspect,inspect
0.21000000000000002,37.5,51.913502109704666,54.286919831223656,2.37341772151899,inspect,inspect
0.21000000000000002,40.0,51.248945147679336,54.286919831223656,3.03797468354432,inspect,inspect
0.21000000000000002,42.5,50.584388185654035,54.286919831223656,3.7025316455696213,inspect,inspect
0.21000000000000002,45.0,49.919831223628705,54.286919831223656,4.367088607594951,inspect,inspect
0.21000000000000002,47.5,49.255274261603404,54.286919831223656,5.0316455696202524,inspect,inspect
0.21000000000000002,50.0,48.590717299578074,54.286919831223656,5.696202531645582,inspect,inspect
0.21000000000000002,52.5,47.92616033755277,54.286919831223656,6.360759493670884,inspect,inspect
0.21000000000000002,55.0,47.26160337552744,54.286919831223656,7.025316455696213,inspect,inspect
0.21000000000000002,57.5,46.59704641350214,54.286919831223656,7.689873417721515,inspect,inspect
0.21000000000000002,60.0,45.93248945147681,54.286919831223656,8.354430379746844,inspect,inspect
0.21000000000000002,62.5,45.26793248945151,54.286919831223656,9.018987341772146,inspect,inspect
0.21000000000000002,65.0,44.60337552742618,54.286919831223656,9.683544303797476,inspect,inspect
0.21000000000000002,67.5,43.93881856540088,54.286919831223656,10.348101265822777,inspect,inspect
0.21000000000000002,70.0,43.27426160337555,54.286919831223656,11.012658227848107,inspect,inspect
0.21000000000000002,72.5,42.60970464135022,54.286919831223656,11.677215189873436,inspect,inspect
0.21000000000000002,75.0,41.94514767932492,54.286919831223656,12.341772151898738,inspect,inspect
0.21000000000000002,77.5,41.28059071729959,54.286919831223656,13.006329113924068,inspect,inspect
0.21000000000000002,80.0,40.61603375527429,54.286919831223656,13.670886075949369,inspect,inspect
0.21000000000000002,82.5,39.95147679324896,54.286919831223656,14.335443037974699,inspect,inspect
0.21000000000000002,85.0,39.286919831223656,54.286919831223656,15.0,inspect,inspect
0.21000000000000002,87.5,38.62236286919833,54.286919831223656,15.66455696202533,inspect,inspect
0.21000000000000002,90.0,37.957805907173025,54.286919831223656,16.32911392405063,inspect,inspect
0.21000000000000002,92.5,37.293248945147695,54.286919831223656,16.99367088607596,inspect,inspect
0.21000000000000002,95.0,36.628691983122394,54.286919831223656,17.658227848101262,inspect,inspect
0.21000000000000002,97.5,35.964135021097064,54.286919831223656,18.322784810126592,inspect,inspect
0.21000000000000002,100.0,35.29957805907176,54.286919831223656,18.987341772151893,inspect,inspect
0.21500000000000002,0.0,61.73673036093419,54.093418259023366,-7.643312101910823,no_inspect,no_inspect
0.21500000000000002,2.5,61.05201698513801,54.093418259023366,-6.958598726114644,no_inspect,no_inspect
0.21500000000000002,5.0,60.36730360934183,54.093418259023366,-6.273885350318466,no_inspect,no_inspect
0.21500000000000002,7.5,59.68259023354565,54.093418259023366,-5.589171974522287,no_inspect,no_inspect
0.21500000000000002,10.0,58.997876857749475,54.093418259023366,-4.904458598726109,no_inspect,no_inspect
0.21500000000000002,12.5,58.313163481953296,54.093418259023366,-4.21974522292993,no_inspect,no_inspect
0.21500000000000002,15.0,57.62845010615712,54.093418259023366,-3.5350318471337516,no_inspect,no_inspect
0.21500000000000002,17.5,56.94373673036094,54.093418259023366,-2.850318471337573,no_inspect,no_inspect
0.21500000000000002,20.0,56.25902335456476,54.093418259023366,-2.1656050955413946,no_inspect,no_inspect
0.21500000000000002,22.5,55.57430997876858,54.093418259023366,-1.480891719745216,no_inspect,no_inspect
0.21500000000000002,25.0,54.889596602972404,54.093418259023366,-0.7961783439490375,no_inspect,no_inspect
0.21500000000000002,27.5,54.204883227176225,54.093418259023366,-0.111464968152859,no_inspect,no_inspect
0.21500000000000002,30.0,53.52016985138005,54.093418259023366,0.5732484076433195,inspect,inspect
0.21500000000000002,32.5,52.83545647558387,54.093418259023366,1.257961783439498,inspect,inspect
0.21500000000000002,35.0,52.15074309978769,54.093418259023366,1.9426751592356766,inspect,inspect
0.21500000000000002,37.5,51.46602972399151,54.093418259023366,2.627388535031855,inspect,inspect
0.21500000000000002,40.0,50.78131634819533,54.093418259023366,3.3121019108280336,inspect,inspect
0.21500000000000002,42.5,50.096602972399154,54.093418259023366,3.996815286624212,inspect,inspect
0.21500000000000002,45.0,49.411889596602975,54.093418259023366,4.681528662420391,inspect,inspect
0.21500000000000002,47.5,48.7271762208068,54.093418259023366,5.366242038216569,inspect,inspect
0.21500000000000002,50.0,48.04246284501062,54.093418259023366,6.050955414012748,inspect,inspect
0.21500000000000002,52.5,47.35774946921444,54.093418259023366,6.735668789808926,inspect,inspect
0.21500000000000002,55.0,46.67303609341826,54.093418259023366,7.420382165605105,inspect,inspect
0.21500000000000002,57.5,45.98832271762208,54.093418259023366,8.105095541401283,inspect,inspect
0.21500000000000002,60.0,45.303609341825904,54.093418259023366,8.789808917197462,inspect,inspect
0.21500000000000002,62.5,44.618895966029726,54.093418259023366,9.47452229299364,inspect,inspect
0.21500000000000002,65.0,43.93418259023355,54.093418259023366,10.159235668789819,inspect,inspect
0.21500000000000002,67.5,43.24946921443737,54.093418259023366,10.843949044585997,inspect,inspect
0.21500000000000002,70.0,42.56475583864119,54.093418259023366,11.528662420382176,inspect,inspect
0.21500000000000002,72.5,41.88004246284501,54.093418259023366,12.213375796178354,inspect,inspect
0.21500000000000002,75.0,41.19532908704883,54.093418259023366,12.898089171974533,inspect,inspect
0.21500000000000002,77.5,40.510615711252655,54.093418259023366,13.582802547770711,inspect,inspect
0.21500000000000002,80.0,39.825902335456476,54.093418259023366,14.26751592356689,inspect,inspect
0.21500000000000002,82.5,39.1411889596603,54.093418259023366,14.952229299363069,inspect,inspect
0.21500000000000002,85.0,38.45647558386412,54.093418259023366,15.636942675159247,inspect,inspect
0.21500000000000002,87.5,37.77176220806794,54.093418259023366,16.321656050955426,inspect,inspect
0.21500000000000002,90.0,37.08704883227176,54.093418259023366,17.006369426751604,inspect,inspect
0.21500000000000002,92.5,36.40233545647558,54.093418259023366,17.691082802547783,inspect,inspect
0.21500000000000002,95.0,35.717622080679405,54.093418259023366,18.37579617834396,inspect,inspect
0.21500000000000002,97.5,35.032908704883226,54.093418259023366,19.06050955414014,inspect,inspect
0.21500000000000002,100.0,34.34819532908705,54.093418259023366,19.745222929936318,inspect,inspect
0.22,0.0,61.58974358974362,53.89743589743591,-7.692307692307708,no_inspect,no_inspect
0.22,2.5,60.884615384615415,53.89743589743591,-6.987179487179503,no_inspect,no_inspect
0.22,5.0,60.17948717948721,53.89743589743591,-6.282051282051299,no_inspect,no_inspect
0.22,7.5,59.474358974359006,53.89743589743591,-5.576923076923094,no_inspect,no_inspect
0.22,10.0,58.7692307692308,53.89743589743591,-4.87179487179489,no_inspect,no_inspect
0.22,12.5,58.0641025641026,53.89743589743591,-4.166666666666686,no_inspect,no_inspect
0.22,15.0,57.358974358974365,53.89743589743591,-3.461538461538453,no_inspect,no_inspect
0.22,17.5,56.65384615384619,53.89743589743591,-2.756410256410277,no_inspect,no_inspect
0.22,20.0,55.948717948717956,53.89743589743591,-2.051282051282044,no_inspect,no_inspect
0.22,22.5,55.24358974358975,53.89743589743591,-1.3461538461538396,no_inspect,no_inspect
0.22,25.0,54.53846153846155,53.89743589743591,-0.6410256410256352,no_inspect,no_inspect
0.22,27.5,53.83333333333334,53.89743589743591,0.0641025641025692,inspect,inspect
0.22,30.0,53.12820512820514,53.89743589743591,0.7692307692307736,inspect,inspect
0.22,32.5,52.423076923076934,53.89743589743591,1.474358974358978,inspect,inspect
0.22,35.0,51.71794871794873,53.89743589743591,2.1794871794871824,inspect,inspect
0.22,37.5,51.012820512820525,53.89743589743591,2.884615384615387,inspect,inspect
0.22,40.0,50.30769230769232,53.89743589743591,3.589743589743591,inspect,inspect
0.22,42.5,49.602564102564116,53.89743589743591,4.294871794871796,inspect,inspect
0.22,45.0,48.89743589743591,53.89743589743591,5.0,inspect,inspect
0.22,47.5,48.19230769230771,53.89743589743591,5.705128205128204,inspect,inspect
0.22,50.0,47.4871794871795,53.89743589743591,6.410256410256409,inspect,inspect
0.22,52.5,46.7820512820513,53.89743589743591,7.115384615384613,inspect,inspect
0.22,55.0,46.076923076923094,53.89743589743591,7.820512820512818,inspect,inspect
0.22,57.5,45.37179487179489,53.89743589743591,8.525641025641022,inspect,inspect
0.22,60.0,44.666666666666686,53.89743589743591,9.230769230769226,inspect,inspect
0.22,62.5,43.96153846153848,53.89743589743591,9.93589743589743,inspect,inspect
0.22,65.0,43.25641025641028,53.89743589743591,10.641025641025635,inspect,inspect
0.22,67.5,42.55128205128207,53.89743589743591,11.34615384615384,inspect,inspect
0.22,70.0,41.84615384615387,53.89743589743591,12.051282051282044,inspect,inspect
0.22,72.5,41.141025641025664,53.89743589743591,12.756410256410248,inspect,inspect
0.22,75.0,40.43589743589746,53.89743589743591,13.461538461538453,inspect,inspect
0.22,77.5,39.730769230769255,53.89743589743591,14.166666666666657,inspect,inspect
0.22,80.0,39.02564102564105,53.89743589743591,14.871794871794862,inspect,inspect
0.22,82.5,38.320512820512846,53.89743589743591,15.576923076923066,inspect,inspect
0.22,85.0,37.61538461538464,53.89743589743591,16.28205128205127,inspect,inspect
0.22,87.5,36.91025641025644,53.89743589743591,16.987179487179475,inspect,inspect
0.22,90.0,36.20512820512823,53.89743589743591,17.69230769230768,inspect,inspect
0.22,92.5,35.50000000000003,53.89743589743591,18.397435897435884,inspect,inspect
0.22,95.0,34.794871794871824,53.89743589743591,19.102564102564088,inspect,inspect
0.22,97.5,34.08974358974362,53.89743589743591,19.807692307692292,inspect,inspect
0.22,100.0,33.384615384615415,53.89743589743591,20.512820512820497,inspect,inspect
0.225,0.0,61.44086021505379,53.698924731182814,-7.741935483870975,no_inspect,no_inspect
0.225,2.5,60.71505376344089,53.698924731182814,-7.016129032258078,no_inspect,no_inspect
0.225,5.0,59.98924731182797,53.698924731182814,-6.290322580645153,no_inspect,no_inspect
0.225,7.5,59.26344086021507,53.698924731182814,-5.564516129032256,no_inspect,no_inspect
0.225,10.0,58.53763440860217,53.698924731182814,-4.838709677419359,no_inspect,no_inspect
0.225,12.5,57.811827956989276,53.698924731182814,-4.112903225806463,no_inspect,no_inspect
0.225,15.0,57.08602150537638,53.698924731182814,-3.387096774193566,no_inspect,no_inspect
0.225,17.5,56.360215053763454,53.698924731182814,-2.6612903225806406,no_inspect,no_inspect
0.225,20.0,55.63440860215056,53.698924731182814,-1.9354838709677438,no_inspect,no_inspect
0.225,22.5,54.90860215053766,53.698924731182814,-1.209677419354847,no_inspect,no_inspect
0.225,25.0,54.182795698924764,53.698924731182814,-0.48387096774195015,no_inspect,no_inspect
0.225,27.5,53.45698924731184,53.698924731182814,0.24193548387097508,inspect,inspect
0.225,30.0,52.73118279569894,53.698924731182814,0.9677419354838719,inspect,inspect
0.225,32.5,52.005376344086045,53.698924731182814,1.6935483870967687,inspect,inspect
0.225,35.0,51.27956989247315,53.698924731182814,2.4193548387096655,inspect,inspect
0.225,37.5,50.55376344086022,53.698924731182814,3.1451612903225907,inspect,inspect
0.225,40.0,49.827956989247326,53.698924731182814,3.8709677419354875,inspect,inspect
0.225,42.5,49.10215053763443,53.698924731182814,4.596774193548384,inspect,inspect
0.225,45.0,48.37634408602153,53.698924731182814,5.322580645161281,inspect,inspect
0.225,47.5,47.650537634408636,53.698924731182814,6.048387096774178,inspect,inspect
0.225,50.0,46.92473118279571,53.698924731182814,6.774193548387103,inspect,inspect
0.225,52.5,46.198924731182814,53.698924731182814,7.5,inspect,inspect
0.225,55.0,45.47311827956992,53.698924731182814,8.225806451612897,inspect,inspect
0.225,57.5,44.74731182795702,53.698924731182814,8.951612903225794,inspect,inspect
0.225,60.0,44.02150537634412,53.698924731182814,9.67741935483869,inspect,inspect
0.225,62.5,43.2956989247312,53.698924731182814,10.403225806451616,inspect,inspect
0.225,65.0,42.5698924731183,53.698924731182814,11.129032258064512,inspect,inspect
0.225,67.5,41.844086021505404,53.698924731182814,11.85483870967741,inspect,inspect
0.225,70.0,41.11827956989248,53.698924731182814,12.580645161290334,inspect,inspect
0.225,72.5,40.39247311827958,53.698924731182814,13.306451612903231,inspect,inspect
0.225,75.0,39.666666666666686,53.698924731182814,14.032258064516128,inspect,inspect
0.225,77.5,38.94086021505379,53.698924731182814,14.758064516129025,inspect,inspect
0.225,80.0,38.21505376344089,53.698924731182814,15.483870967741922,inspect,inspect
0.225,82.5,37.48924731182797,53.698924731182814,16.209677419354847,inspect,inspect
0.225,85.0,36.76344086021507,53.698924731182814,16.935483870967744,inspect,inspect
0.225,87.5,36.03763440860217,53.698924731182814,17.66129032258064,inspect,inspect
0.225,90.0,35.311827956989276,53.698924731182814,18.387096774193537,inspect,inspect
0.225,92.5,34.58602150537638,53.698924731182814,19.112903225806434,inspect,inspect
0.225,95.0,33.860215053763454,53.698924731182814,19.83870967741936,inspect,inspect
0.225,97.5,33.13440860215056,53.698924731182814,20.564516129032256,inspect,inspect
0.225,100.0,32.40860215053766,53.698924731182814,21.290322580645153,inspect,inspect
0.23,0.0,61.290043290043315,53.497835497835524,-7.79220779220779,no_inspect,no_inspect
0.23,2.5,60.54329004329006,53.497835497835524,-7.0454545454545325,no_inspect,no_inspect
0.23,5.0,59.79653679653683,53.497835497835524,-6.298701298701303,no_inspect,no_inspect
0.23,7.5,59.04978354978357,53.497835497835524,-5.551948051948045,no_inspect,no_inspect
0.23,10.0,58.30303030303031,53.497835497835524,-4.8051948051947875,no_inspect,no_inspect
0.23,12.5,57.55627705627708,53.497835497835524,-4.058441558441558,no_inspect,no_inspect
0.23,15.0,56.809523809523824,53.497835497835524,-3.3116883116883002,no_inspect,no_inspect
0.23,17.5,56.062770562770595,53.497835497835524,-2.564935064935071,no_inspect,no_inspect
0.23,20.0,55.31601731601734,53.497835497835524,-1.818181818181813,no_inspect,no_inspect
0.23,22.5,54.56926406926408,53.497835497835524,-1.0714285714285552,no_inspect,no_inspect
0.23,25.0,53.82251082251085,53.497835497835524,-0.3246753246753258,no_inspect,no_inspect
0.23,27.5,53.07575757575759,53.497835497835524,0.42207792207793204,inspect,inspect
0.23,30.0,52.32900432900436,53.497835497835524,1.1688311688311614,inspect,inspect
0.23,32.5,51.582251082251105,53.497835497835524,1.9155844155844193,inspect,inspect
0.23,35.0,50.83549783549785,53.497835497835524,2.662337662337677,inspect,inspect
0.23,37.5,50.08874458874462,53.497835497835524,3.4090909090909065,inspect,inspect
0.23,40.0,49.34199134199136,53.497835497835524,4.155844155844164,inspect,inspect
0.23,42.5,48.59523809523813,53.497835497835524,4.902597402597394,inspect,inspect
0.23,45.0,47.84848484848487,53.497835497835524,5.649350649350652,inspect,inspect
0.23,47.5,47.101731601731615,53.497835497835524,6.396103896103909,inspect,inspect
0.23,50.0,46.354978354978385,53.497835497835524,7.142857142857139,inspect,inspect
0.23,52.5,45.60822510822513,53.497835497835524,7.889610389610397,inspect,inspect
0.23,55.0,44.86147186147187,53.497835497835524,8.636363636363654,inspect,inspect
0.23,57.5,44.11471861471864,53.497835497835524,9.383116883116884,inspect,inspect
0.23,60.0,43.36796536796538,53.497835497835524,10.129870129870142,inspect,inspect
0.23,62.5,42.62121212121215,53.497835497835524,10.876623376623371,inspect,inspect
0.23,65.0,41.874458874458895,53.497835497835524,11.623376623376629,inspect,inspect
0.23,67.5,41.12770562770564,53.497835497835524,12.370129870129887,inspect,inspect
0.23,70.0,40.38095238095241,53.497835497835524,13.116883116883116,inspect,inspect
0.23,72.5,39.63419913419915,53.497835497835524,13.863636363636374,inspect,inspect
0.23,75.0,38.88744588744592,53.497835497835524,14.610389610389603,inspect,inspect
0.23,77.5,38.14069264069266,53.497835497835524,15.357142857142861,inspect,inspect
0.23,80.0,37.393939393939405,53.497835497835524,16.10389610389612,inspect,inspect
0.23,82.5,36.647186147186176,53.497835497835524,16.85064935064935,inspect,inspect
0.23,85.0,35.90043290043292,53.497835497835524,17.597402597402606,inspect,inspect
0.23,87.5,35.15367965367966,53.497835497835524,18.344155844155864,inspect,inspect
0.23,90.0,34.40692640692643,53.497835497835524,19.090909090909093,inspect,inspect
0.23,92.5,33.66017316017317,53.497835497835524,19.83766233766235,inspect,inspect
0.23,95.0,32.91341991341994,53.497835497835524,20.58441558441558,inspect,inspect
0.23,97.5,32.166666666666686,53.497835497835524,21.33116883116884,inspect,inspect
0.23,100.0,31.419913419913428,53.497835497835524,22.077922077922096,inspect,inspect
0.23500000000000001,0.0,61.1372549019608,53.29411764705884,-7.843137254901961,no_inspect,no_inspect
0.23500000000000001,2.5,60.36928104575165,53.29411764705884,-7.075163398692808,no_inspect,no_inspect
0.23500000000000001,5.0,59.601307189542496,53.29411764705884,-6.3071895424836555,no_inspect,no_inspect
0.23500000000000001,7.5,58.83333333333334,53.29411764705884,-5.539215686274503,no_inspect,no_inspect
0.23500000000000001,10.0,58.06535947712419,53.29411764705884,-4.77124183006535,no_inspect,no_inspect
0.23500000000000001,12.5,57.297385620915065,53.29411764705884,-4.003267973856225,no_inspect,no_inspect
0.23500000000000001,15.0,56.52941176470591,53.29411764705884,-3.235294117647072,no_inspect,no_inspect
0.23500000000000001,17.5,55.76143790849676,53.29411764705884,-2.4673202614379193,no_inspect,no_inspect
0.23500000000000001,20.0,54.99346405228761,53.29411764705884,-1.6993464052287663,no_inspect,no_inspect
0.23500000000000001,22.5,54.225490196078454,53.29411764705884,-0.9313725490196134,no_inspect,no_inspect
0.23500000000000001,25.0,53.4575163398693,53.29411764705884,-0.1633986928104605,no_inspect,no_inspect
0.23500000000000001,27.5,52.68954248366015,53.29411764705884,0.6045751633986924,inspect,inspect
0.23500000000000001,30.0,51.921568627450995,53.29411764705884,1.3725490196078454,inspect,inspect
0.23500000000000001,32.5,51.15359477124184,53.29411764705884,2.1405228758169983,inspect,inspect
0.23500000000000001,35.0,50.38562091503269,53.29411764705884,2.908496732026151,inspect,inspect
0.23500000000000001,37.5,49.617647058823536,53.29411764705884,3.676470588235304,inspect,inspect
0.23500000000000001,40.0,48.84967320261438,53.29411764705884,4.444444444444457,inspect,inspect
0.23500000000000001,42.5,48.08169934640526,53.29411764705884,5.212418300653582,inspect,inspect
0.23500000000000001,45.0,47.313725490196106,53.29411764705884,5.9803921568627345,inspect,inspect
0.23500000000000001,47.5,46.54575163398695,53.29411764705884,6.748366013071887,inspect,inspect
0.23500000000000001,50.0,45.7777777777778,53.29411764705884,7.51633986928104,inspect,inspect
0.23500000000000001,52.5,45.00980392156865,53.29411764705884,8.284313725490193,inspect,inspect
0.23500000000000001,55.0,44.241830065359494,53.29411764705884,9.052287581699346,inspect,inspect
0.23500000000000001,57.5,43.47385620915034,53.29411764705884,9.8202614379085,inspect,inspect
0.23500000000000001,60.0,42.70588235294119,53.29411764705884,10.588235294117652,inspect,inspect
0.23500000000000001,62.5,41.937908496732035,53.29411764705884,11.356209150326805,inspect,inspect
0.23500000000000001,65.0,41.16993464052291,53.29411764705884,12.12418300653593,inspect,inspect
0.23500000000000001,67.5,40.40196078431376,53.29411764705884,12.892156862745082,inspect,inspect
0.23500000000000001,70.0,39.633986928104605,53.29411764705884,13.660130718954235,inspect,inspect
0.23500000000000001,72.5,38.86601307189545,53.29411764705884,14.428104575163388,inspect,inspect
0.23500000000000001,75.0,38.0980392156863,53.29411764705884,15.196078431372541,inspect,inspect
0.23500000000000001,77.5,37.330065359477146,53.29411764705884,15.964052287581694,inspect,inspect
0.23500000000000001,80.0,36.56209150326799,53.29411764705884,16.732026143790847,inspect,inspect
0.23500000000000001,82.5,35.79411764705884,53.29411764705884,17.5,inspect,inspect
0.23500000000000001,85.0,35.02614379084969,53.29411764705884,18.267973856209153,inspect,inspect
0.23500000000000001,87.5,34.258169934640534,53.29411764705884,19.035947712418306,inspect,inspect
0.23500000000000001,90.0,33.49019607843138,53.29411764705884,19.80392156862746,inspect,inspect
0.23500000000000001,92.5,32.72222222222223,53.29411764705884,20.57189542483661,inspect,inspect
0.23500000000000001,95.0,31.954248366013104,53.29411764705884,21.339869281045736,inspect,inspect
0.23500000000000001,97.5,31.186274509803923,53.29411764705884,22.107843137254918,inspect,inspect
0.23500000000000001,100.0,30.418300653594798,53.29411764705884,22.875816993464042,inspect,inspect
0.24000000000000002,0.0,60.982456140350905,53.087719298245645,-7.89473684210526,no_inspect,no_inspect
0.24000000000000002,2.5,60.192982456140385,53.087719298245645,-7.10526315789474,no_inspect,no_inspect
0.24000000000000002,5.0,59.403508771929836,53.087719298245645,-6.315789473684191,no_inspect,no_inspect
0.24000000000000002,7.5,58.614035087719316,53.087719298245645,-5.526315789473671,no_inspect,no_inspect
0.24000000000000002,10.0,57.824561403508795,53.087719298245645,-4.73684210526315,no_inspect,no_inspect
0.24000000000000002,12.5,57.035087719298275,53.087719298245645,-3.94736842105263,no_inspect,no_inspect
0.24000000000000002,15.0,56.245614035087726,53.087719298245645,-3.1578947368420813,no_inspect,no_inspect
0.24000000000000002,17.5,55.456140350877206,53.087719298245645,-2.368421052631561,no_inspect,no_inspect
0.24000000000000002,20.0,54.666666666666686,53.087719298245645,-1.5789473684210407,no_inspect,no_inspect
0.24000000000000002,22.5,53.877192982456165,53.087719298245645,-0.7894736842105203,no_inspect,no_inspect
0.24000000000000002,25.0,53.087719298245645,53.087719298245645,0.0,tie,inspect
0.24000000000000002,27.5,52.298245614035096,53.087719298245645,0.7894736842105488,inspect,inspect
0.24000000000000002,30.0,51.508771929824576,53.087719298245645,1.578947368421069,inspect,inspect
0.24000000000000002,32.5,50.719298245614056,53.087719298245645,2.3684210526315894,inspect,inspect
0.24000000000000002,35.0,49.929824561403535,53.087719298245645,3.1578947368421098,inspect,inspect
0.24000000000000002,37.5,49.140350877192986,53.087719298245645,3.9473684210526585,inspect,inspect
0.24000000000000002,40.0,48.350877192982466,53.087719298245645,4.736842105263179,inspect,inspect
0.24000000000000002,42.5,47.561403508771946,53.087719298245645,5.526315789473699,inspect,inspect
0.24000000000000002,45.0,46.771929824561425,53.087719298245645,6.3157894736842195,inspect,inspect
0.24000000000000002,47.5,45.982456140350905,53.087719298245645,7.10526315789474,inspect,inspect
0.24000000000000002,50.0,45.192982456140385,53.087719298245645,7.89473684210526,inspect,inspect
0.24000000000000002,52.5,44.403508771929836,53.087719298245645,8.684210526315809,inspect,inspect
0.24000000000000002,55.0,43.614035087719316,53.087719298245645,9.47368421052633,inspect,inspect
0.24000000000000002,57.5,42.824561403508795,53.087719298245645,10.26315789473685,inspect,inspect
0.24000000000000002,60.0,42.035087719298275,53.087719298245645,11.05263157894737,inspect,inspect
0.24000000000000002,62.5,41.245614035087726,53.087719298245645,11.842105263157919,inspect,inspect
0.24000000000000002,65.0,40.456140350877206,53.087719298245645,12.631578947368439,inspect,inspect
0.24000000000000002,67.5,39.666666666666686,53.087719298245645,13.42105263157896,inspect,inspect
0.24000000000000002,70.0,38.877192982456165,53.087719298245645,14.21052631578948,inspect,inspect
0.24000000000000002,72.5,38.087719298245645,53.087719298245645,15.0,inspect,inspect
0.24000000000000002,75.0,37.298245614035096,53.087719298245645,15.789473684210549,inspect,inspect
0.24000000000000002,77.5,36.508771929824576,53.087719298245645,16.57894736842107,inspect,inspect
0.24000000000000002,80.0,35.719298245614056,53.087719298245645,17.36842105263159,inspect,inspect
0.24000000000000002,82.5,34.929824561403535,53.087719298245645,18.15789473684211,inspect,inspect
0.24000000000000002,85.0,34.140350877192986,53.087719298245645,18.94736842105266,inspect,inspect
0.24000000000000002,87.5,33.350877192982466,53.087719298245645,19.73684210526318,inspect,inspect
0.24000000000000002,90.0,32.561403508771946,53.087719298245645,20.5263157894737,inspect,inspect
0.24000000000000002,92.5,31.771929824561425,53.087719298245645,21.31578947368422,inspect,inspect
0.24000000000000002,95.0,30.982456140350905,53.087719298245645,22.10526315789474,inspect,inspect
0.24000000000000002,97.5,30.192982456140385,53.087719298245645,22.89473684210526,inspect,inspect
0.24000000000000002,100.0,29.403508771929836,53.087719298245645,23.68421052631581,inspect,inspect
0.24500000000000002,0.0,60.825607064017674,52.878587196468004,-7.94701986754967,no_inspect,no_inspect
0.24500000000000002,2.5,60.01434878587199,52.878587196468004,-7.135761589403984,no_inspect,no_inspect
0.24500000000000002,5.0,59.2030905077263,52.878587196468004,-6.324503311258297,no_inspect,no_inspect
0.24500000000000002,7.5,58.39183222958059,52.878587196468004,-5.513245033112582,no_inspect,no_inspect
0.24500000000000002,10.0,57.5805739514349,52.878587196468004,-4.701986754966896,no_inspect,no_inspect
0.24500000000000002,12.5,56.76931567328921,52.878587196468004,-3.8907284768212094,no_inspect,no_inspect
0.24500000000000002,15.0,55.9580573951435,52.878587196468004,-3.0794701986754944,no_inspect,no_inspect
0.24500000000000002,17.5,55.14679911699781,52.878587196468004,-2.268211920529808,no_inspect,no_inspect
0.24500000000000002,20.0,54.335540838852125,52.878587196468004,-1.4569536423841214,no_inspect,no_inspect
0.24500000000000002,22.5,53.52428256070641,52.878587196468004,-0.6456953642384065,no_inspect,no_inspect
0.24500000000000002,25.0,52.713024282560724,52.878587196468004,0.16556291390728006,inspect,inspect
0.24500000000000002,27.5,51.90176600441504,52.878587196468004,0.9768211920529666,inspect,inspect
0.24500000000000002,30.0,51.09050772626932,52.878587196468004,1.7880794701986815,inspect,inspect
0.24500000000000002,32.5,50.279249448123636,52.878587196468004,2.599337748344368,inspect,inspect
0.24500000000000002,35.0,49.46799116997795,52.878587196468004,3.4105960264900546,inspect,inspect
0.24500000000000002,37.5,48.656732891832235,52.878587196468004,4.2218543046357695,inspect,inspect
0.24500000000000002,40.0,47.84547461368655,52.878587196468004,5.033112582781456,inspect,inspect
0.24500000000000002,42.5,47.03421633554086,52.878587196468004,5.8443708609271425,inspect,inspect
0.24500000000000002,45.0,46.22295805739515,52.878587196468004,6.6556291390728575,inspect,inspect
0.24500000000000002,47.5,45.41169977924946,52.878587196468004,7.466887417218544,inspect,inspect
0.24500000000000002,50.0,44.600441501103774,52.878587196468004,8.27814569536423,inspect,inspect
0.24500000000000002,52.5,43.78918322295809,52.878587196468004,9.089403973509917,inspect,inspect
0.24500000000000002,55.0,42.97792494481237,52.878587196468004,9.900662251655632,inspect,inspect
0.24500000000000002,57.5,42.166666666666686,52.878587196468004,10.711920529801318,inspect,inspect
0.24500000000000002,60.0,41.355408388521,52.878587196468004,11.523178807947005,inspect,inspect
0.24500000000000002,62.5,40.544150110375284,52.878587196468004,12.33443708609272,inspect,inspect
0.24500000000000002,65.0,39.7328918322296,52.878587196468004,13.145695364238406,inspect,inspect
0.24500000000000002,67.5,38.92163355408391,52.878587196468004,13.956953642384093,inspect,inspect
0.24500000000000002,70.0,38.110375275938225,52.878587196468004,14.76821192052978,inspect,inspect
0.24500000000000002,72.5,37.29911699779251,52.878587196468004,15.579470198675494,inspect,inspect
0.24500000000000002,75.0,36.48785871964682,52.878587196468004,16.39072847682118,inspect,inspect
0.24500000000000002,77.5,35.67660044150111,52.878587196468004,17.201986754966896,inspect,inspect
0.24500000000000002,80.0,34.86534216335542,52.878587196468004,18.013245033112582,inspect,inspect
0.24500000000000002,82.5,34.054083885209735,52.878587196468004,18.82450331125827,inspect,inspect
0.24500000000000002,85.0,33.24282560706405,52.878587196468004,19.635761589403955,inspect,inspect
0.24500000000000002,87.5,32.431567328918334,52.878587196468004,20.44701986754967,inspect,inspect
0.24500000000000002,90.0,31.620309050772647,52.878587196468004,21.258278145695357,inspect,inspect
0.24500000000000002,92.5,30.80905077262696,52.878587196468004,22.069536423841043,inspect,inspect
0.24500000000000002,95.0,29.997792494481246,52.878587196468004,22.88079470198676,inspect,inspect
0.24500000000000002,97.5,29.18653421633556,52.878587196468004,23.692052980132445,inspect,inspect
0.24500000000000002,100.0,28.375275938189873,52.878587196468004,24.50331125827813,inspect,inspect
0.25,0.0,60.666666666666686,52.666666666666686,-8.0,no_inspect,no_inspect
0.25,2.5,59.83333333333334,52.666666666666686,-7.166666666666657,no_inspect,no_inspect
0.25,5.0,59.00000000000003,52.666666666666686,-6.333333333333343,no_inspect,no_inspect
0.25,7.5,58.166666666666686,52.666666666666686,-5.5,no_inspect,no_inspect
0.25,10.0,57.33333333333334,52.666666666666686,-4.666666666666657,no_inspect,no_inspect
0.25,12.5,56.50000000000003,52.666666666666686,-3.833333333333343,no_inspect,no_inspect
0.25,15.0,55.666666666666686,52.666666666666686,-3.0,no_inspect,no_inspect
0.25,17.5,54.83333333333334,52.666666666666686,-2.166666666666657,no_inspect,no_inspect
0.25,20.0,54.00000000000003,52.666666666666686,-1.3333333333333428,no_inspect,no_inspect
0.25,22.5,53.166666666666686,52.666666666666686,-0.5,no_inspect,no_inspect
0.25,25.0,52.33333333333334,52.666666666666686,0.3333333333333428,inspect,inspect
0.25,27.5,51.50000000000003,52.666666666666686,1.1666666666666572,inspect,inspect
0.25,30.0,50.666666666666686,52.666666666666686,2.0,inspect,inspect
0.25,32.5,49.83333333333334,52.666666666666686,2.833333333333343,inspect,inspect
0.25,35.0,49.00000000000003,52.666666666666686,3.666666666666657,inspect,inspect
0.25,37.5,48.166666666666686,52.666666666666686,4.5,inspect,inspect
0.25,40.0,47.33333333333334,52.666666666666686,5.333333333333343,inspect,inspect
0.25,42.5,46.50000000000003,52.666666666666686,6.166666666666657,inspect,inspect
0.25,45.0,45.666666666666686,52.666666666666686,7.0,inspect,inspect
0.25,47.5,44.83333333333334,52.666666666666686,7.833333333333343,inspect,inspect
0.25,50.0,44.00000000000003,52.666666666666686,8.666666666666657,inspect,inspect
0.25,52.5,43.166666666666686,52.666666666666686,9.5,inspect,inspect
0.25,55.0,42.33333333333334,52.666666666666686,10.333333333333343,inspect,inspect
0.25,57.5,41.50000000000003,52.666666666666686,11.166666666666657,inspect,inspect
0.25,60.0,40.666666666666686,52.666666666666686,12.0,inspect,inspect
0.25,62.5,39.83333333333334,52.666666666666686,12.833333333333343,inspect,inspect
0.25,65.0,39.00000000000003,52.666666666666686,13.666666666666657,inspect,inspect
0.25,67.5,38.166666666666686,52.666666666666686,14.5,inspect,inspect
0.25,70.0,37.33333333333334,52.666666666666686,15.333333333333343,inspect,inspect
0.25,72.5,36.50000000000003,52.666666666666686,16.166666666666657,inspect,inspect
0.25,75.0,35.666666666666686,52.666666666666686,17.0,inspect,inspect
0.25,77.5,34.83333333333334,52.666666666666686,17.833333333333343,inspect,inspect
0.25,80.0,34.00000000000003,52.666666666666686,18.666666666666657,inspect,inspect
0.25,82.5,33.166666666666686,52.666666666666686,19.5,inspect,inspect
0.25,85.0,32.33333333333334,52.666666666666686,20.333333333333343,inspect,inspect
0.25,87.5,31.50000000000003,52.666666666666686,21.166666666666657,inspect,inspect
0.25,90.0,30.666666666666686,52.666666666666686,22.0,inspect,inspect
0.25,92.5,29.833333333333343,52.666666666666686,22.833333333333343,inspect,inspect
0.25,95.0,29.00000000000003,52.666666666666686,23.666666666666657,inspect,inspect
0.25,97.5,28.166666666666686,52.666666666666686,24.5,inspect,inspect
0.25,100.0,27.333333333333343,52.666666666666686,25.333333333333343,inspect,inspect
