pF,replacement_loss,policy16,profit,gap,quality_axis
0.1,6.0,1111111111111101,45.91236000375031,1.7958236769297855,Q3-F: p_hat -> U95 simultaneous
0.1,7.0,1111111111111101,45.801248892639194,1.9913245347895554,Q3-F: p_hat -> U95 simultaneous
0.1,8.0,1111111111111101,45.69013778152808,2.1868253926493253,Q3-F: p_hat -> U95 simultaneous
0.1,9.0,1111111111111101,45.579026670416965,2.382326250509095,Q3-F: p_hat -> U95 simultaneous
0.1,10.0,1111111111111101,45.46791555930585,2.4040423758869167,Q3-F: p_hat -> U95 simultaneous
0.1,11.0,1111111111111101,45.35680444819474,2.4040423758869167,Q3-F: p_hat -> U95 simultaneous
0.1,12.0,1111111111111101,45.24569333708362,2.4040423758869167,Q3-F: p_hat -> U95 simultaneous
0.1,13.0,1111111111111101,45.13458222597251,2.4040423758869167,Q3-F: p_hat -> U95 simultaneous
0.1,14.0,1111111111111101,45.02347111486142,2.4040423758869167,Q3-F: p_hat -> U95 simultaneous
0.1,15.0,1111111111111101,44.91236000375031,2.4040423758869167,Q3-F: p_hat -> U95 simultaneous
0.1,16.0,1111111111111101,44.801248892639194,2.4040423758869167,Q3-F: p_hat -> U95 simultaneous
0.1,17.0,1111111111111101,44.69013778152808,2.4040423758869167,Q3-F: p_hat -> U95 simultaneous
0.1,18.0,1111111111111101,44.579026670416965,2.4040423758869167,Q3-F: p_hat -> U95 simultaneous
0.1,19.0,1111111111111101,44.46791555930585,2.4040423758869167,Q3-F: p_hat -> U95 simultaneous
0.1,20.0,1111111111111101,44.35680444819474,2.4040423758869167,Q3-F: p_hat -> U95 simultaneous
0.1,21.0,1111111111111101,44.24569333708362,2.4040423758869167,Q3-F: p_hat -> U95 simultaneous
0.1,22.0,1111111111111101,44.13458222597251,2.4040423758868883,Q3-F: p_hat -> U95 simultaneous
0.1,23.0,1111111111111101,44.02347111486142,2.4040423758869167,Q3-F: p_hat -> U95 simultaneous
0.1,24.0,1111111111111101,43.91236000375031,2.4040423758869167,Q3-F: p_hat -> U95 simultaneous
0.1,25.0,1111111111111101,43.801248892639194,2.4040423758869167,Q3-F: p_hat -> U95 simultaneous
0.1,26.0,1111111111111101,43.69013778152808,2.4040423758869167,Q3-F: p_hat -> U95 simultaneous
0.1,27.0,1111111111111101,43.579026670416965,2.4040423758869167,Q3-F: p_hat -> U95 simultaneous
0.1,28.0,1111111111111101,43.46791555930585,2.4040423758869167,Q3-F: p_hat -> U95 simultaneous
0.1,29.0,1111111111111101,43.35680444819474,2.4040423758869167,Q3-F: p_hat -> U95 simultaneous
0.1,30.0,1111111111111101,43.24569333708362,2.4040423758869167,Q3-F: p_hat -> U95 simultaneous
0.1,31.0,1111111111111101,43.13458222597251,2.4040423758868883,Q3-F: p_hat -> U95 simultaneous
0.1,32.0,1111111111111101,43.02347111486142,2.4040423758869167,Q3-F: p_hat -> U95 simultaneous
0.1,33.0,1111111111111101,42.91236000375031,2.4040423758869167,Q3-F: p_hat -> U95 simultaneous
0.1,34.0,1111111111111101,42.801248892639194,2.4040423758869167,Q3-F: p_hat -> U95 simultaneous
0.1,35.0,1111111111111101,42.69013778152808,2.4040423758869167,Q3-F: p_hat -> U95 simultaneous
0.1,36.0,1111111111111101,42.579026670416965,2.4040423758869167,Q3-F: p_hat -> U95 simultaneous
0.1,37.0,1111111111111101,42.46791555930585,2.4040423758869167,Q3-F: p_hat -> U95 simultaneous
0.1,38.0,1111111111111101,42.35680444819474,2.4040423758869167,Q3-F: p_hat -> U95 simultaneous
0.1,39.0,1111111111111101,42.24569333708362,2.3333333333333144,Q3-F: p_hat -> U95 simultaneous
0.1,40.0,1111111111111101,42.13458222597251,2.2222222222222,Q3-F: p_hat -> U95 simultaneous
0.10318336192865915,6.0,1111111111111101,45.817703361771095,1.8060677246926673,Q3-F: p_hat -> U95 simultaneous
0.10318336192865915,7.0,1111111111111101,45.70264822391084,2.001568582552437,Q3-F: p_hat -> U95 simultaneous
0.10318336192865915,8.0,1111111111111101,45.58759308605062,2.1970694404122355,Q3-F: p_hat -> U95 simultaneous
0.10318336192865915,9.0,1111111111111101,45.472537948190364,2.3925702982720054,Q3-F: p_hat -> U95 simultaneous
0.10318336192865915,10.0,1111111111111101,45.35748281033011,2.4040423758869167,Q3-F: p_hat -> U95 simultaneous
0.10318336192865915,11.0,1111111111111101,45.24242767246989,2.404042375886945,Q3-F: p_hat -> U95 simultaneous
0.10318336192865915,12.0,1111111111111101,45.127372534609634,2.4040423758869167,Q3-F: p_hat -> U95 simultaneous
0.10318336192865915,13.0,1111111111111101,45.01231739674938,2.4040423758869167,Q3-F: p_hat -> U95 simultaneous
0.10318336192865915,14.0,1111111111111101,44.89726225888913,2.4040423758869167,Q3-F: p_hat -> U95 simultaneous
0.10318336192865915,15.0,1111111111111101,44.782207121028904,2.4040423758869167,Q3-F: p_hat -> U95 simultaneous
0.10318336192865915,16.0,1111111111111101,44.66715198316865,2.4040423758869167,Q3-F: p_hat -> U95 simultaneous
0.10318336192865915,17.0,1111111111111101,44.5520968453084,2.4040423758869167,Q3-F: p_hat -> U95 simultaneous
0.10318336192865915,18.0,1111111111111101,44.437041707448174,2.4040423758869167,Q3-F: p_hat -> U95 simultaneous
0.10318336192865915,19.0,1111111111111101,44.32198656958792,2.4040423758869167,Q3-F: p_hat -> U95 simultaneous
0.10318336192865915,20.0,1111111111111101,44.20693143172767,2.4040423758869167,Q3-F: p_hat -> U95 simultaneous
0.10318336192865915,21.0,1111111111111101,44.091876293867415,2.4040423758869167,Q3-F: p_hat -> U95 simultaneous
0.10318336192865915,22.0,1111111111111101,43.97682115600719,2.4040423758869167,Q3-F: p_hat -> U95 simultaneous
0.10318336192865915,23.0,1111111111111101,43.86176601814694,2.4040423758869167,Q3-F: p_hat -> U95 simultaneous
0.10318336192865915,24.0,1111111111111101,43.746710880286685,2.4040423758869167,Q3-F: p_hat -> U95 simultaneous
0.10318336192865915,25.0,1111111111111101,43.63165574242646,2.4040423758869167,Q3-F: p_hat -> U95 simultaneous
0.10318336192865915,26.0,1111111111111101,43.51660060456621,2.4040423758869167,Q3-F: p_hat -> U95 simultaneous
0.10318336192865915,27.0,1111111111111101,43.401545466705954,2.4040423758869167,Q3-F: p_hat -> U95 simultaneous
0.10318336192865915,28.0,1111111111111101,43.2864903288457,2.4040423758869167,Q3-F: p_hat -> U95 simultaneous
0.10318336192865915,29.0,1111111111111101,43.17143519098548,2.4040423758869167,Q3-F: p_hat -> U95 simultaneous
0.10318336192865915,30.0,1111111111111101,43.056380053125224,2.4040423758869167,Q3-F: p_hat -> U95 simultaneous
0.10318336192865915,31.0,1111111111111101,42.94132491526497,2.4040423758869167,Q3-F: p_hat -> U95 simultaneous
0.10318336192865915,32.0,1111111111111101,42.82626977740475,2.4040423758869167,Q3-F: p_hat -> U95 simultaneous
0.10318336192865915,33.0,1111111111111101,42.711214639544494,2.4040423758869167,Q3-F: p_hat -> U95 simultaneous
0.10318336192865915,34.0,1111111111111101,42.59615950168424,2.4040423758869167,Q3-F: p_hat -> U95 simultaneous
0.10318336192865915,35.0,1111111111111101,42.481104363824016,2.4040423758869167,Q3-F: p_hat -> U95 simultaneous
0.10318336192865915,36.0,1111111111111101,42.36604922596376,2.4040423758869167,Q3-F: p_hat -> U95 simultaneous
0.10318336192865915,37.0,1111111111111101,42.25099408810351,2.4040423758869167,Q3-F: p_hat -> U95 simultaneous
0.10318336192865915,38.0,1111111111111101,42.13593895024326,2.318235588472163,Q3-F: p_hat -> U95 simultaneous
0.10318336192865915,39.0,1111111111111101,42.02088381238303,2.2031804506119386,Q3-F: p_hat -> U95 simultaneous
0.10318336192865915,40.0,1111111111111101,41.90582867452278,2.0881253127516857,Q3-F: p_hat -> U95 simultaneous
0.10636672385731828,6.0,1111111111111101,45.722372334989046,1.8163117724555775,Q3-F: p_hat -> U95 simultaneous
0.10636672385731828,7.0,1111111111111101,45.60334507101288,2.0118126303153474,Q3-F: p_hat -> U95 simultaneous
0.10636672385731828,8.0,1111111111111101,45.48431780703672,2.2073134881751173,Q3-F: p_hat -> U95 simultaneous
0.10636672385731828,9.0,1111111111111101,45.36529054306055,2.402814346034887,Q3-F: p_hat -> U95 simultaneous
0.10636672385731828,10.0,1111111111111101,45.24626327908442,2.4040423758869167,Q3-F: p_hat -> U95 simultaneous
0.10636672385731828,11.0,1111111111111101,45.12723601510825,2.4040423758869167,Q3-F: p_hat -> U95 simultaneous
0.10636672385731828,12.0,1111111111111101,45.00820875113209,2.4040423758869167,Q3-F: p_hat -> U95 simultaneous
0.10636672385731828,13.0,1111111111111101,44.88918148715592,2.4040423758869167,Q3-F: p_hat -> U95 simultaneous
0.10636672385731828,14.0,1111111111111101,44.77015422317976,2.4040423758869167,Q3-F: p_hat -> U95 simultaneous
0.10636672385731828,15.0,1111111111111101,44.651126959203594,2.4040423758869167,Q3-F: p_hat -> U95 simultaneous
0.10636672385731828,16.0,1111111111111101,44.53209969522743,2.4040423758869167,Q3-F: p_hat -> U95 simultaneous
0.10636672385731828,17.0,1111111111111101,44.413072431251265,2.4040423758869167,Q3-F: p_hat -> U95 simultaneous
0.10636672385731828,18.0,1111111111111101,44.2940451672751,2.4040423758869167,Q3-F: p_hat -> U95 simultaneous
0.10636672385731828,19.0,1111111111111101,44.17501790329894,2.4040423758869167,Q3-F: p_hat -> U95 simultaneous
0.10636672385731828,20.0,1111111111111101,44.05599063932277,2.4040423758869167,Q3-F: p_hat -> U95 simultaneous
0.10636672385731828,21.0,1111111111111101,43.93696337534661,2.4040423758869167,Q3-F: p_hat -> U95 simultaneous
0.10636672385731828,22.0,1111111111111101,43.81793611137044,2.4040423758869167,Q3-F: p_hat -> U95 simultaneous
0.10636672385731828,23.0,1111111111111101,43.69890884739428,2.4040423758869167,Q3-F: p_hat -> U95 simultaneous
0.10636672385731828,24.0,1111111111111101,43.579881583418114,2.4040423758869167,Q3-F: p_hat -> U95 simultaneous
0.10636672385731828,25.0,1111111111111101,43.46085431944195,2.4040423758869167,Q3-F: p_hat -> U95 simultaneous
0.10636672385731828,26.0,1111111111111101,43.341827055465785,2.4040423758869167,Q3-F: p_hat -> U95 simultaneous
0.10636672385731828,27.0,1111111111111101,43.22279979148962,2.4040423758869167,Q3-F: p_hat -> U95 simultaneous
0.10636672385731828,28.0,1111111111111101,43.103772527513485,2.4040423758869167,Q3-F: p_hat -> U95 simultaneous
0.10636672385731828,29.0,1111111111111101,42.98474526353732,2.4040423758869167,Q3-F: p_hat -> U95 simultaneous
0.10636672385731828,30.0,1111111111111101,42.865717999561156,2.4040423758869167,Q3-F: p_hat -> U95 simultaneous
0.10636672385731828,31.0,1111111111111101,42.74669073558499,2.4040423758869167,Q3-F: p_hat -> U95 simultaneous
0.10636672385731828,32.0,1111111111111101,42.62766347160883,2.4040423758869167,Q3-F: p_hat -> U95 simultaneous
0.10636672385731828,33.0,1111111111111101,42.50863620763266,2.4040423758869167,Q3-F: p_hat -> U95 simultaneous
0.10636672385731828,34.0,1111111111111101,42.3896089436565,2.4040423758869167,Q3-F: p_hat -> U95 simultaneous
0.10636672385731828,35.0,1111111111111101,42.27058167968033,2.4040423758869167,Q3-F: p_hat -> U95 simultaneous
0.10636672385731828,36.0,1111111111111101,42.15155441570417,2.4040423758869167,Q3-F: p_hat -> U95 simultaneous
0.10636672385731828,37.0,1111111111111101,42.032527151728004,2.310154816738958,Q3-F: p_hat -> U95 simultaneous
0.10636672385731828,38.0,1111111111111101,41.91349988775184,2.1911275527627936,Q3-F: p_hat -> U95 simultaneous
0.10636672385731828,39.0,1111111111111101,41.794472623775675,2.072100288786629,Q3-F: p_hat -> U95 simultaneous
0.10636672385731828,40.0,1111111111111101,41.67544535979951,1.9530730248104646,Q3-F: p_hat -> U95 simultaneous
0.10955008578597743,6.0,1111111111111101,45.62635969061924,1.8265558202184877,Q3-F: p_hat -> U95 simultaneous
0.10955008578597743,7.0,1111111111111101,45.50333189979435,2.022056678078286,Q3-F: p_hat -> U95 simultaneous
0.10955008578597743,8.0,1111111111111101,45.380304108969426,2.217557535938056,Q3-F: p_hat -> U95 simultaneous
0.10955008578597743,9.0,1111111111111101,45.257276318144534,2.4040423758869167,Q3-F: p_hat -> U95 simultaneous
0.10955008578597743,10.0,1111111111111101,45.13424852731961,2.4040423758869167,Q3-F: p_hat -> U95 simultaneous
0.10955008578597743,11.0,1111111111111101,45.01122073649472,2.4040423758869167,Q3-F: p_hat -> U95 simultaneous
0.10955008578597743,12.0,1111111111111101,44.8881929456698,2.4040423758869167,Q3-F: p_hat -> U95 simultaneous
0.10955008578597743,13.0,1111111111111101,44.76516515484491,2.4040423758869167,Q3-F: p_hat -> U95 simultaneous
0.10955008578597743,14.0,1111111111111101,44.642137364020016,2.404042375886945,Q3-F: p_hat -> U95 simultaneous
0.10955008578597743,15.0,1111111111111101,44.519109573195095,2.4040423758869167,Q3-F: p_hat -> U95 simultaneous
0.10955008578597743,16.0,1111111111111101,44.3960817823702,2.4040423758869167,Q3-F: p_hat -> U95 simultaneous
0.10955008578597743,17.0,1111111111111101,44.27305399154528,2.4040423758869167,Q3-F: p_hat -> U95 simultaneous
0.10955008578597743,18.0,1111111111111101,44.15002620072039,2.4040423758869167,Q3-F: p_hat -> U95 simultaneous
0.10955008578597743,19.0,1111111111111101,44.02699840989547,2.4040423758869167,Q3-F: p_hat -> U95 simultaneous
0.10955008578597743,20.0,1111111111111101,43.90397061907058,2.4040423758869167,Q3-F: p_hat -> U95 simultaneous
0.10955008578597743,21.0,1111111111111101,43.78094282824566,2.4040423758869167,Q3-F: p_hat -> U95 simultaneous
0.10955008578597743,22.0,1111111111111101,43.657915037420764,2.4040423758869167,Q3-F: p_hat -> U95 simultaneous
0.10955008578597743,23.0,1111111111111101,43.534887246595844,2.4040423758869167,Q3-F: p_hat -> U95 simultaneous
0.10955008578597743,24.0,1111111111111101,43.41185945577095,2.4040423758869167,Q3-F: p_hat -> U95 simultaneous
0.10955008578597743,25.0,1111111111111101,43.28883166494603,2.4040423758868883,Q3-F: p_hat -> U95 simultaneous
0.10955008578597743,26.0,1111111111111101,43.16580387412114,2.4040423758869167,Q3-F: p_hat -> U95 simultaneous
0.10955008578597743,27.0,1111111111111101,43.042776083296246,2.4040423758869167,Q3-F: p_hat -> U95 simultaneous
0.10955008578597743,28.0,1111111111111101,42.919748292471326,2.4040423758869167,Q3-F: p_hat -> U95 simultaneous
0.10955008578597743,29.0,1111111111111101,42.79672050164643,2.4040423758869167,Q3-F: p_hat -> U95 simultaneous
0.10955008578597743,30.0,1111111111111101,42.67369271082151,2.4040423758869167,Q3-F: p_hat -> U95 simultaneous
0.10955008578597743,31.0,1111111111111101,42.55066491999662,2.4040423758869167,Q3-F: p_hat -> U95 simultaneous
0.10955008578597743,32.0,1111111111111101,42.4276371291717,2.4040423758869167,Q3-F: p_hat -> U95 simultaneous
0.10955008578597743,33.0,1111111111111101,42.30460933834681,2.4040423758869167,Q3-F: p_hat -> U95 simultaneous
0.10955008578597743,34.0,1111111111111101,42.18158154752189,2.4040423758869167,Q3-F: p_hat -> U95 simultaneous
0.10955008578597743,35.0,1111111111111101,42.058553756696995,2.4040423758869167,Q3-F: p_hat -> U95 simultaneous
0.10955008578597743,36.0,1111111111111101,41.9355259658721,2.3091662752528634,Q3-F: p_hat -> U95 simultaneous
0.10955008578597743,37.0,1111111111111101,41.81249817504718,2.186138484427943,Q3-F: p_hat -> U95 simultaneous
0.10955008578597743,38.0,1111111111111101,41.68947038422229,2.0631106936030505,Q3-F: p_hat -> U95 simultaneous
0.10955008578597743,39.0,1111111111111101,41.56644259339737,1.94008290277813,Q3-F: p_hat -> U95 simultaneous
0.10955008578597743,40.0,1111111111111101,41.44341480257248,1.8170551119532377,Q3-F: p_hat -> U95 simultaneous
0.11273344771463657,6.0,1111111111111101,45.529658092076716,1.8367998679814264,Q3-F: p_hat -> U95 simultaneous
0.11273344771463657,7.0,1111111111111101,45.40260106797919,2.032300725841168,Q3-F: p_hat -> U95 simultaneous
0.11273344771463657,8.0,1111111111111101,45.275544043881695,2.227801583700966,Q3-F: p_hat -> U95 simultaneous
0.11273344771463657,9.0,1111111111111101,45.14848701978417,2.4040423758869167,Q3-F: p_hat -> U95 simultaneous
0.11273344771463657,10.0,1111111111111101,45.021429995686674,2.4040423758869167,Q3-F: p_hat -> U95 simultaneous
0.11273344771463657,11.0,1111111111111101,44.89437297158915,2.4040423758869167,Q3-F: p_hat -> U95 simultaneous
0.11273344771463657,12.0,1111111111111101,44.76731594749165,2.4040423758869167,Q3-F: p_hat -> U95 simultaneous
0.11273344771463657,13.0,1111111111111101,44.64025892339413,2.4040423758869167,Q3-F: p_hat -> U95 simultaneous
0.11273344771463657,14.0,1111111111111101,44.51320189929663,2.4040423758869167,Q3-F: p_hat -> U95 simultaneous
0.11273344771463657,15.0,1111111111111101,44.38614487519911,2.4040423758869167,Q3-F: p_hat -> U95 simultaneous
0.11273344771463657,16.0,1111111111111101,44.25908785110161,2.4040423758869167,Q3-F: p_hat -> U95 simultaneous
0.11273344771463657,17.0,1111111111111101,44.13203082700409,2.4040423758869167,Q3-F: p_hat -> U95 simultaneous
0.11273344771463657,18.0,1111111111111101,44.00497380290659,2.4040423758869167,Q3-F: p_hat -> U95 simultaneous
0.11273344771463657,19.0,1111111111111101,43.877916778809066,2.4040423758869167,Q3-F: p_hat -> U95 simultaneous
0.11273344771463657,20.0,1111111111111101,43.75085975471157,2.4040423758869167,Q3-F: p_hat -> U95 simultaneous
0.11273344771463657,21.0,1111111111111101,43.623802730614045,2.4040423758869167,Q3-F: p_hat -> U95 simultaneous
0.11273344771463657,22.0,1111111111111101,43.49674570651655,2.4040423758869167,Q3-F: p_hat -> U95 simultaneous
0.11273344771463657,23.0,1111111111111101,43.369688682419024,2.4040423758869167,Q3-F: p_hat -> U95 simultaneous
0.11273344771463657,24.0,1111111111111101,43.24263165832153,2.4040423758869167,Q3-F: p_hat -> U95 simultaneous
0.11273344771463657,25.0,1111111111111101,43.115574634224004,2.4040423758869167,Q3-F: p_hat -> U95 simultaneous
0.11273344771463657,26.0,1111111111111101,42.98851761012651,2.4040423758869167,Q3-F: p_hat -> U95 simultaneous
0.11273344771463657,27.0,1111111111111101,42.86146058602898,2.4040423758869167,Q3-F: p_hat -> U95 simultaneous
0.11273344771463657,28.0,1111111111111101,42.73440356193149,2.4040423758869167,Q3-F: p_hat -> U95 simultaneous
0.11273344771463657,29.0,1111111111111101,42.60734653783396,2.4040423758869167,Q3-F: p_hat -> U95 simultaneous
0.11273344771463657,30.0,1111111111111101,42.480289513736466,2.4040423758869167,Q3-F: p_hat -> U95 simultaneous
0.11273344771463657,31.0,1111111111111101,42.35323248963894,2.4040423758869167,Q3-F: p_hat -> U95 simultaneous
0.11273344771463657,32.0,1111111111111101,42.226175465541445,2.4040423758869167,Q3-F: p_hat -> U95 simultaneous
0.11273344771463657,33.0,1111111111111101,42.09911844144392,2.4040423758869167,Q3-F: p_hat -> U95 simultaneous
0.11273344771463657,34.0,1111111111111101,41.972061417346424,2.4040423758869167,Q3-F: p_hat -> U95 simultaneous
0.11273344771463657,35.0,1111111111111101,41.8450043932489,2.315346301172184,Q3-F: p_hat -> U95 simultaneous
0.11273344771463657,36.0,1111111111111101,41.7179473691514,2.188289277074688,Q3-F: p_hat -> U95 simultaneous
0.11273344771463657,37.0,1111111111111101,41.59089034505388,2.061232252977163,Q3-F: p_hat -> U95 simultaneous
0.11273344771463657,38.0,1111111111111101,41.46383332095638,1.934175228879667,Q3-F: p_hat -> U95 simultaneous
0.11273344771463657,39.0,1111111111111101,41.33677629685886,1.8071182047821424,Q3-F: p_hat -> U95 simultaneous
0.11273344771463657,40.0,1111111111111101,41.20971927276136,1.6800611806846462,Q3-F: p_hat -> U95 simultaneous
0.1159168096432957,6.0,1111111111111101,45.4322600971077,1.8470439157443366,Q3-F: p_hat -> U95 simultaneous
0.1159168096432957,7.0,1111111111111101,45.3011448232198,2.0425447736041065,Q3-F: p_hat -> U95 simultaneous
0.1159168096432957,8.0,1111111111111101,45.17002954933193,2.2380456314638764,Q3-F: p_hat -> U95 simultaneous
0.1159168096432957,9.0,1111111111111101,45.03891427544403,2.4040423758869167,Q3-F: p_hat -> U95 simultaneous
0.1159168096432957,10.0,1111111111111101,44.90779900155616,2.4040423758869167,Q3-F: p_hat -> U95 simultaneous
0.1159168096432957,11.0,1111111111111101,44.77668372766826,2.4040423758869167,Q3-F: p_hat -> U95 simultaneous
0.1159168096432957,12.0,1111111111111101,44.645568453780385,2.4040423758869167,Q3-F: p_hat -> U95 simultaneous
0.1159168096432957,13.0,1111111111111101,44.514453179892485,2.4040423758869167,Q3-F: p_hat -> U95 simultaneous
0.1159168096432957,14.0,1111111111111101,44.38333790600461,2.4040423758869167,Q3-F: p_hat -> U95 simultaneous
0.1159168096432957,15.0,1111111111111101,44.25222263211671,2.4040423758869167,Q3-F: p_hat -> U95 simultaneous
0.1159168096432957,16.0,1111111111111101,44.12110735822884,2.4040423758869167,Q3-F: p_hat -> U95 simultaneous
0.1159168096432957,17.0,1111111111111101,43.98999208434094,2.4040423758869167,Q3-F: p_hat -> U95 simultaneous
0.1159168096432957,18.0,1111111111111101,43.85887681045307,2.4040423758869167,Q3-F: p_hat -> U95 simultaneous
0.1159168096432957,19.0,1111111111111101,43.72776153656517,2.4040423758869167,Q3-F: p_hat -> U95 simultaneous
0.1159168096432957,20.0,1111111111111101,43.5966462626773,2.4040423758869167,Q3-F: p_hat -> U95 simultaneous
0.1159168096432957,21.0,1111111111111101,43.465530988789396,2.4040423758869167,Q3-F: p_hat -> U95 simultaneous
0.1159168096432957,22.0,1111111111111101,43.334415714901525,2.4040423758869167,Q3-F: p_hat -> U95 simultaneous
0.1159168096432957,23.0,1111111111111101,43.203300441013624,2.4040423758869167,Q3-F: p_hat -> U95 simultaneous
0.1159168096432957,24.0,1111111111111101,43.07218516712575,2.4040423758869167,Q3-F: p_hat -> U95 simultaneous
0.1159168096432957,25.0,1111111111111101,42.94106989323785,2.4040423758869167,Q3-F: p_hat -> U95 simultaneous
0.1159168096432957,26.0,1111111111111101,42.80995461934998,2.404042375886945,Q3-F: p_hat -> U95 simultaneous
0.1159168096432957,27.0,1111111111111101,42.67883934546208,2.4040423758869167,Q3-F: p_hat -> U95 simultaneous
0.1159168096432957,28.0,1111111111111101,42.54772407157418,2.4040423758869167,Q3-F: p_hat -> U95 simultaneous
0.1159168096432957,29.0,1111111111111101,42.41660879768631,2.4040423758869167,Q3-F: p_hat -> U95 simultaneous
0.1159168096432957,30.0,1111111111111101,42.28549352379841,2.4040423758869167,Q3-F: p_hat -> U95 simultaneous
0.1159168096432957,31.0,1111111111111101,42.154378249910536,2.4040423758869167,Q3-F: p_hat -> U95 simultaneous
0.1159168096432957,32.0,1111111111111101,42.023262976022636,2.4040423758869167,Q3-F: p_hat -> U95 simultaneous
0.1159168096432957,33.0,1111111111111101,41.892147702134764,2.4040423758869167,Q3-F: p_hat -> U95 simultaneous
0.1159168096432957,34.0,1111111111111101,41.761032428246864,2.328772331139163,Q3-F: p_hat -> U95 simultaneous
0.1159168096432957,35.0,1111111111111101,41.62991715435899,2.1976570572512912,Q3-F: p_hat -> U95 simultaneous
0.1159168096432957,36.0,1111111111111101,41.49880188047109,2.066541783363391,Q3-F: p_hat -> U95 simultaneous
0.1159168096432957,37.0,1111111111111101,41.36768660658322,1.9354265094755192,Q3-F: p_hat -> U95 simultaneous
0.1159168096432957,38.0,1111111111111101,41.23657133269532,1.804311235587619,Q3-F: p_hat -> U95 simultaneous
0.1159168096432957,39.0,1111111111111101,41.10545605880745,1.6731959616997472,Q3-F: p_hat -> U95 simultaneous
0.1159168096432957,40.0,1111111111111101,40.97434078491955,1.542080687811847,Q3-F: p_hat -> U95 simultaneous
0.11910017157195485,6.0,1111111111111101,45.33415815588029,1.8572879635072184,Q3-F: p_hat -> U95 simultaneous
0.11910017157195485,7.0,1111111111111101,45.19895530110793,2.0527888213670167,Q3-F: p_hat -> U95 simultaneous
0.11910017157195485,8.0,1111111111111101,45.06375244633557,2.2482896792267866,Q3-F: p_hat -> U95 simultaneous
0.11910017157195485,9.0,1111111111111101,44.92854959156321,2.4040423758869167,Q3-F: p_hat -> U95 simultaneous
0.11910017157195485,10.0,1111111111111101,44.79334673679085,2.4040423758869167,Q3-F: p_hat -> U95 simultaneous
0.11910017157195485,11.0,1111111111111101,44.65814388201849,2.4040423758869167,Q3-F: p_hat -> U95 simultaneous
0.11910017157195485,12.0,1111111111111101,44.522941027246134,2.4040423758869167,Q3-F: p_hat -> U95 simultaneous
0.11910017157195485,13.0,1111111111111101,44.387738172473775,2.4040423758869167,Q3-F: p_hat -> U95 simultaneous
0.11910017157195485,14.0,1111111111111101,44.252535317701415,2.4040423758869167,Q3-F: p_hat -> U95 simultaneous
0.11910017157195485,15.0,1111111111111101,44.117332462929056,2.4040423758869167,Q3-F: p_hat -> U95 simultaneous
0.11910017157195485,16.0,1111111111111101,43.9821296081567,2.4040423758869167,Q3-F: p_hat -> U95 simultaneous
0.11910017157195485,17.0,1111111111111101,43.84692675338434,2.4040423758869167,Q3-F: p_hat -> U95 simultaneous
0.11910017157195485,18.0,1111111111111101,43.71172389861195,2.4040423758869167,Q3-F: p_hat -> U95 simultaneous
0.11910017157195485,19.0,1111111111111101,43.57652104383959,2.4040423758869167,Q3-F: p_hat -> U95 simultaneous
0.11910017157195485,20.0,1111111111111101,43.44131818906723,2.4040423758869167,Q3-F: p_hat -> U95 simultaneous
0.11910017157195485,21.0,1111111111111101,43.30611533429487,2.4040423758869167,Q3-F: p_hat -> U95 simultaneous
0.11910017157195485,22.0,1111111111111101,43.170912479522514,2.4040423758869167,Q3-F: p_hat -> U95 simultaneous
0.11910017157195485,23.0,1111111111111101,43.035709624750154,2.4040423758869167,Q3-F: p_hat -> U95 simultaneous
0.11910017157195485,24.0,1111111111111101,42.900506769977795,2.4040423758869167,Q3-F: p_hat -> U95 simultaneous
0.11910017157195485,25.0,1111111111111101,42.765303915205436,2.4040423758869167,Q3-F: p_hat -> U95 simultaneous
0.11910017157195485,26.0,1111111111111101,42.63010106043308,2.4040423758869167,Q3-F: p_hat -> U95 simultaneous
0.11910017157195485,27.0,1111111111111101,42.49489820566072,2.4040423758869167,Q3-F: p_hat -> U95 simultaneous
0.11910017157195485,28.0,1111111111111101,42.35969535088836,2.4040423758869167,Q3-F: p_hat -> U95 simultaneous
0.11910017157195485,29.0,1111111111111101,42.224492496116,2.4040423758869167,Q3-F: p_hat -> U95 simultaneous
0.11910017157195485,30.0,1111111111111101,42.08928964134364,2.4040423758869167,Q3-F: p_hat -> U95 simultaneous
0.11910017157195485,31.0,1111111111111101,41.95408678657128,2.4040423758869167,Q3-F: p_hat -> U95 simultaneous
0.11910017157195485,32.0,1111111111111101,41.818883931798894,2.4040423758868883,Q3-F: p_hat -> U95 simultaneous
0.11910017157195485,33.0,1111111111111101,41.683681077026534,2.349522921146246,Q3-F: p_hat -> U95 simultaneous
0.11910017157195485,34.0,1111111111111101,41.548478222254175,2.2143200663738867,Q3-F: p_hat -> U95 simultaneous
0.11910017157195485,35.0,1111111111111101,41.413275367481816,2.0791172116015275,Q3-F: p_hat -> U95 simultaneous
0.11910017157195485,36.0,1111111111111101,41.27807251270946,1.9439143568291684,Q3-F: p_hat -> U95 simultaneous
0.11910017157195485,37.0,1111111111111101,41.1428696579371,1.8087115020568092,Q3-F: p_hat -> U95 simultaneous
0.11910017157195485,38.0,1111111111111101,41.00766680316474,1.67350864728445,Q3-F: p_hat -> U95 simultaneous
0.11910017157195485,39.0,1111111111111101,40.87246394839238,1.5383057925120909,Q3-F: p_hat -> U95 simultaneous
0.11910017157195485,40.0,1111111111111101,40.73726109362002,1.4031029377397317,Q3-F: p_hat -> U95 simultaneous
0.122283533500614,6.0,1111111111111101,45.23534460903366,1.867532011270157,Q3-F: p_hat -> U95 simultaneous
0.122283533500614,7.0,1111111111111101,45.09602452314269,2.063032869129927,Q3-F: p_hat -> U95 simultaneous
0.122283533500614,8.0,1111111111111101,44.956704437251716,2.258533726989697,Q3-F: p_hat -> U95 simultaneous
0.122283533500614,9.0,1111111111111101,44.817384351360744,2.4040423758869167,Q3-F: p_hat -> U95 simultaneous
0.122283533500614,10.0,1111111111111101,44.67806426546977,2.4040423758869167,Q3-F: p_hat -> U95 simultaneous
0.122283533500614,11.0,1111111111111101,44.5387441795788,2.4040423758869167,Q3-F: p_hat -> U95 simultaneous
0.122283533500614,12.0,1111111111111101,44.39942409368783,2.4040423758869167,Q3-F: p_hat -> U95 simultaneous
0.122283533500614,13.0,1111111111111101,44.260104007796855,2.4040423758869167,Q3-F: p_hat -> U95 simultaneous
0.122283533500614,14.0,1111111111111101,44.12078392190588,2.4040423758869167,Q3-F: p_hat -> U95 simultaneous
0.122283533500614,15.0,1111111111111101,43.98146383601491,2.4040423758869167,Q3-F: p_hat -> U95 simultaneous
0.122283533500614,16.0,1111111111111101,43.84214375012394,2.4040423758869167,Q3-F: p_hat -> U95 simultaneous
0.122283533500614,17.0,1111111111111101,43.702823664232966,2.4040423758869167,Q3-F: p_hat -> U95 simultaneous
0.122283533500614,18.0,1111111111111101,43.56350357834202,2.404042375886945,Q3-F: p_hat -> U95 simultaneous
0.122283533500614,19.0,1111111111111101,43.42418349245105,2.4040423758869167,Q3-F: p_hat -> U95 simultaneous
0.122283533500614,20.0,1111111111111101,43.28486340656008,2.4040423758869167,Q3-F: p_hat -> U95 simultaneous
0.122283533500614,21.0,1111111111111101,43.145543320669105,2.4040423758869167,Q3-F: p_hat -> U95 simultaneous
0.122283533500614,22.0,1111111111111101,43.00622323477813,2.4040423758869167,Q3-F: p_hat -> U95 simultaneous
0.122283533500614,23.0,1111111111111101,42.86690314888716,2.4040423758869167,Q3-F: p_hat -> U95 simultaneous
0.122283533500614,24.0,1111111111111101,42.72758306299619,2.4040423758869167,Q3-F: p_hat -> U95 simultaneous
0.122283533500614,25.0,1111111111111101,42.58826297710522,2.4040423758869167,Q3-F: p_hat -> U95 simultaneous
0.122283533500614,26.0,1111111111111101,42.448942891214244,2.4040423758869167,Q3-F: p_hat -> U95 simultaneous
0.122283533500614,27.0,1111111111111101,42.30962280532327,2.4040423758869167,Q3-F: p_hat -> U95 simultaneous
0.122283533500614,28.0,1111111111111101,42.1703027194323,2.4040423758869167,Q3-F: p_hat -> U95 simultaneous
0.122283533500614,29.0,1111111111111101,42.03098263354133,2.4040423758869167,Q3-F: p_hat -> U95 simultaneous
0.122283533500614,30.0,1111111111111101,41.891662547650355,2.4040423758869167,Q3-F: p_hat -> U95 simultaneous
0.122283533500614,31.0,1111111111111101,41.75234246175938,2.4040423758869167,Q3-F: p_hat -> U95 simultaneous
0.122283533500614,32.0,1111111111111101,41.61302237586841,2.3776777668347506,Q3-F: p_hat -> U95 simultaneous
0.122283533500614,33.0,1111111111111101,41.47370228997744,2.2383576809437784,Q3-F: p_hat -> U95 simultaneous
0.122283533500614,34.0,1111111111111101,41.33438220408647,2.099037595052806,Q3-F: p_hat -> U95 simultaneous
0.122283533500614,35.0,1111111111111101,41.195062118195494,1.959717509161834,Q3-F: p_hat -> U95 simultaneous
0.122283533500614,36.0,1111111111111101,41.05574203230452,1.8203974232708617,Q3-F: p_hat -> U95 simultaneous
0.122283533500614,37.0,1111111111111101,40.91642194641355,1.6810773373798895,Q3-F: p_hat -> U95 simultaneous
0.122283533500614,38.0,1111111111111101,40.77710186052258,1.5417572514889173,Q3-F: p_hat -> U95 simultaneous
0.122283533500614,39.0,1111111111111101,40.637781774631605,1.402437165597945,Q3-F: p_hat -> U95 simultaneous
0.122283533500614,40.0,1111111111111101,40.49846168874063,1.2631170797069728,Q3-F: p_hat -> U95 simultaneous
0.12546689542927314,6.0,1111111111111101,45.13581168568447,1.8777760590330672,Q3-F: p_hat -> U95 simultaneous
0.12546689542927314,7.0,1111111111111101,44.99234439465394,2.073276916892837,Q3-F: p_hat -> U95 simultaneous
0.12546689542927314,8.0,1111111111111101,44.84887710362344,2.268777774752607,Q3-F: p_hat -> U95 simultaneous
0.12546689542927314,9.0,1111111111111101,44.705409812592904,2.4040423758869167,Q3-F: p_hat -> U95 simultaneous
0.12546689542927314,10.0,1111111111111101,44.5619425215624,2.4040423758869167,Q3-F: p_hat -> U95 simultaneous
0.12546689542927314,11.0,1111111111111101,44.41847523053187,2.4040423758869167,Q3-F: p_hat -> U95 simultaneous
0.12546689542927314,12.0,1111111111111101,44.275007939501336,2.4040423758869167,Q3-F: p_hat -> U95 simultaneous
0.12546689542927314,13.0,1111111111111101,44.13154064847083,2.4040423758869167,Q3-F: p_hat -> U95 simultaneous
0.12546689542927314,14.0,1111111111111101,43.9880733574403,2.4040423758869167,Q3-F: p_hat -> U95 simultaneous
0.12546689542927314,15.0,1111111111111101,43.844606066409796,2.4040423758869167,Q3-F: p_hat -> U95 simultaneous
0.12546689542927314,16.0,1111111111111101,43.70113877537926,2.4040423758869167,Q3-F: p_hat -> U95 simultaneous
0.12546689542927314,17.0,1111111111111101,43.55767148434876,2.4040423758869167,Q3-F: p_hat -> U95 simultaneous
0.12546689542927314,18.0,1111111111111101,43.41420419331823,2.4040423758869167,Q3-F: p_hat -> U95 simultaneous
0.12546689542927314,19.0,1111111111111101,43.270736902287695,2.4040423758869167,Q3-F: p_hat -> U95 simultaneous
0.12546689542927314,20.0,1111111111111101,43.12726961125719,2.4040423758869167,Q3-F: p_hat -> U95 simultaneous
0.12546689542927314,21.0,1111111111111101,42.98380232022666,2.4040423758869167,Q3-F: p_hat -> U95 simultaneous
0.12546689542927314,22.0,1111111111111101,42.840335029196154,2.4040423758869167,Q3-F: p_hat -> U95 simultaneous
0.12546689542927314,23.0,1111111111111101,42.69686773816562,2.4040423758869167,Q3-F: p_hat -> U95 simultaneous
0.12546689542927314,24.0,1111111111111101,42.55340044713509,2.4040423758869167,Q3-F: p_hat -> U95 simultaneous
0.12546689542927314,25.0,1111111111111101,42.409933156104586,2.4040423758869167,Q3-F: p_hat -> U95 simultaneous
0.12546689542927314,26.0,1111111111111101,42.26646586507405,2.4040423758869167,Q3-F: p_hat -> U95 simultaneous
0.12546689542927314,27.0,1111111111111101,42.12299857404355,2.4040423758869167,Q3-F: p_hat -> U95 simultaneous
0.12546689542927314,28.0,1111111111111101,41.97953128301302,2.4040423758869167,Q3-F: p_hat -> U95 simultaneous
0.12546689542927314,29.0,1111111111111101,41.836063991982485,2.4040423758868883,Q3-F: p_hat -> U95 simultaneous
0.12546689542927314,30.0,1111111111111101,41.69259670095198,2.4040423758869167,Q3-F: p_hat -> U95 simultaneous
0.12546689542927314,31.0,1111111111111101,41.54912940992145,2.4040423758869167,Q3-F: p_hat -> U95 simultaneous
0.12546689542927314,32.0,1111111111111101,41.405662118890945,2.2698504332064715,Q3-F: p_hat -> U95 simultaneous
0.12546689542927314,33.0,1111111111111101,41.26219482786041,2.126383142175939,Q3-F: p_hat -> U95 simultaneous
0.12546689542927314,34.0,1111111111111101,41.11872753682991,1.9829158511454352,Q3-F: p_hat -> U95 simultaneous
0.12546689542927314,35.0,1111111111111101,40.975260245799376,1.8394485601149029,Q3-F: p_hat -> U95 simultaneous
0.12546689542927314,36.0,1111111111111101,40.831792954768844,1.6959812690843705,Q3-F: p_hat -> U95 simultaneous
0.12546689542927314,37.0,1111111111111101,40.68832566373834,1.5525139780538666,Q3-F: p_hat -> U95 simultaneous
0.12546689542927314,38.0,1111111111111101,40.54485837270781,1.4090466870233342,Q3-F: p_hat -> U95 simultaneous
0.12546689542927314,39.0,1111111111111101,40.4013910816773,1.2655793959928303,Q3-F: p_hat -> U95 simultaneous
0.12546689542927314,40.0,1111111111111101,40.25792379064677,1.122112104962298,Q3-F: p_hat -> U95 simultaneous
0.12865025735793229,6.0,1111111111111101,45.03555150138982,1.8880201067959774,Q3-F: p_hat -> U95 simultaneous
0.12865025735793229,7.0,1111111111111101,44.88790670268034,2.0835209646557473,Q3-F: p_hat -> U95 simultaneous
0.12865025735793229,8.0,1111111111111101,44.74026190397086,2.279021822515517,Q3-F: p_hat -> U95 simultaneous
0.12865025735793229,9.0,1111111111111101,44.59261710526141,2.4040423758869167,Q3-F: p_hat -> U95 simultaneous
0.12865025735793229,10.0,1111111111111101,44.44497230655193,2.4040423758869167,Q3-F: p_hat -> U95 simultaneous
0.12865025735793229,11.0,1111111111111101,44.29732750784248,2.4040423758869167,Q3-F: p_hat -> U95 simultaneous
0.12865025735793229,12.0,1111111111111101,44.149682709133,2.4040423758869167,Q3-F: p_hat -> U95 simultaneous
0.12865025735793229,13.0,1111111111111101,44.00203791042355,2.4040423758869167,Q3-F: p_hat -> U95 simultaneous
0.12865025735793229,14.0,1111111111111101,43.854393111714074,2.4040423758869167,Q3-F: p_hat -> U95 simultaneous
0.12865025735793229,15.0,1111111111111101,43.706748313004624,2.4040423758869167,Q3-F: p_hat -> U95 simultaneous
0.12865025735793229,16.0,1111111111111101,43.559103514295145,2.4040423758869167,Q3-F: p_hat -> U95 simultaneous
0.12865025735793229,17.0,1111111111111101,43.411458715585695,2.4040423758869167,Q3-F: p_hat -> U95 simultaneous
0.12865025735793229,18.0,1111111111111101,43.26381391687622,2.4040423758869167,Q3-F: p_hat -> U95 simultaneous
0.12865025735793229,19.0,1111111111111101,43.116169118166766,2.4040423758869167,Q3-F: p_hat -> U95 simultaneous
0.12865025735793229,20.0,1111111111111101,42.96852431945729,2.4040423758869167,Q3-F: p_hat -> U95 simultaneous
0.12865025735793229,21.0,1111111111111101,42.82087952074784,2.4040423758869167,Q3-F: p_hat -> U95 simultaneous
0.12865025735793229,22.0,1111111111111101,42.67323472203836,2.4040423758869167,Q3-F: p_hat -> U95 simultaneous
0.12865025735793229,23.0,1111111111111101,42.52558992332891,2.4040423758869167,Q3-F: p_hat -> U95 simultaneous
0.12865025735793229,24.0,1111111111111101,42.37794512461943,2.4040423758869167,Q3-F: p_hat -> U95 simultaneous
0.12865025735793229,25.0,1111111111111101,42.23030032590998,2.4040423758869167,Q3-F: p_hat -> U95 simultaneous
0.12865025735793229,26.0,1111111111111101,42.0826555272005,2.4040423758869167,Q3-F: p_hat -> U95 simultaneous
0.12865025735793229,27.0,1111111111111101,41.93501072849105,2.4040423758869167,Q3-F: p_hat -> U95 simultaneous
0.12865025735793229,28.0,1111111111111101,41.78736592978157,2.4040423758869167,Q3-F: p_hat -> U95 simultaneous
0.12865025735793229,29.0,1111111111111101,41.63972113107212,2.4040423758869167,Q3-F: p_hat -> U95 simultaneous
0.12865025735793229,30.0,1111111111111101,41.49207633236264,2.4040423758869167,Q3-F: p_hat -> U95 simultaneous
0.12865025735793229,31.0,1111111111111101,41.34443153365319,2.3088800322633745,Q3-F: p_hat -> U95 simultaneous
0.12865025735793229,32.0,1111111111111101,41.196786734943714,2.161235233553896,Q3-F: p_hat -> U95 simultaneous
0.12865025735793229,33.0,1111111111111101,41.049141936234264,2.0135904348444456,Q3-F: p_hat -> U95 simultaneous
0.12865025735793229,34.0,1111111111111101,40.901497137524785,1.865945636134967,Q3-F: p_hat -> U95 simultaneous
0.12865025735793229,35.0,1111111111111101,40.75385233881531,1.7183008374254882,Q3-F: p_hat -> U95 simultaneous
0.12865025735793229,36.0,1111111111111101,40.606207540105856,1.570656038716038,Q3-F: p_hat -> U95 simultaneous
0.12865025735793229,37.0,1111111111111101,40.45856274139638,1.4230112400065593,Q3-F: p_hat -> U95 simultaneous
0.12865025735793229,38.0,1111111111111101,40.31091794268693,1.275366441297109,Q3-F: p_hat -> U95 simultaneous
0.12865025735793229,39.0,1111111111111101,40.16327314397745,1.1277216425876304,Q3-F: p_hat -> U95 simultaneous
0.12865025735793229,40.0,1111111111111101,40.015628345268,0.9800768438781802,Q3-F: p_hat -> U95 simultaneous
0.13183361928659143,6.0,1111111111111101,44.934556056065134,1.8982641545588876,Q3-F: p_hat -> U95 simultaneous
0.13183361928659143,7.0,1111111111111101,44.782703113800494,2.093765012418686,Q3-F: p_hat -> U95 simultaneous
0.13183361928659143,8.0,1111111111111101,44.630850171535826,2.2892658702784274,Q3-F: p_hat -> U95 simultaneous
0.13183361928659143,9.0,1111111111111101,44.47899722927116,2.4040423758869167,Q3-F: p_hat -> U95 simultaneous
0.13183361928659143,10.0,1111111111111101,44.32714428700652,2.4040423758869167,Q3-F: p_hat -> U95 simultaneous
0.13183361928659143,11.0,1111111111111101,44.17529134474185,2.4040423758869167,Q3-F: p_hat -> U95 simultaneous
0.13183361928659143,12.0,1111111111111101,44.02343840247718,2.4040423758869167,Q3-F: p_hat -> U95 simultaneous
0.13183361928659143,13.0,1111111111111101,43.871585460212515,2.4040423758869167,Q3-F: p_hat -> U95 simultaneous
0.13183361928659143,14.0,1111111111111101,43.719732517947875,2.4040423758869167,Q3-F: p_hat -> U95 simultaneous
0.13183361928659143,15.0,1111111111111101,43.56787957568321,2.4040423758869167,Q3-F: p_hat -> U95 simultaneous
0.13183361928659143,16.0,1111111111111101,43.41602663341854,2.4040423758869167,Q3-F: p_hat -> U95 simultaneous
0.13183361928659143,17.0,1111111111111101,43.2641736911539,2.4040423758869167,Q3-F: p_hat -> U95 simultaneous
0.13183361928659143,18.0,1111111111111101,43.11232074888923,2.4040423758869167,Q3-F: p_hat -> U95 simultaneous
0.13183361928659143,19.0,1111111111111101,42.960467806624564,2.4040423758869167,Q3-F: p_hat -> U95 simultaneous
0.13183361928659143,20.0,1111111111111101,42.808614864359924,2.4040423758869167,Q3-F: p_hat -> U95 simultaneous
0.13183361928659143,21.0,1111111111111101,42.65676192209526,2.4040423758869167,Q3-F: p_hat -> U95 simultaneous
0.13183361928659143,22.0,1111111111111101,42.50490897983059,2.4040423758869167,Q3-F: p_hat -> U95 simultaneous
0.13183361928659143,23.0,1111111111111101,42.35305603756592,2.4040423758868883,Q3-F: p_hat -> U95 simultaneous
0.13183361928659143,24.0,1111111111111101,42.20120309530128,2.4040423758869167,Q3-F: p_hat -> U95 simultaneous
0.13183361928659143,25.0,1111111111111101,42.04935015303661,2.4040423758869167,Q3-F: p_hat -> U95 simultaneous
0.13183361928659143,26.0,1111111111111101,41.897497210771945,2.4040423758869167,Q3-F: p_hat -> U95 simultaneous
0.13183361928659143,27.0,1111111111111101,41.745644268507306,2.4040423758869167,Q3-F: p_hat -> U95 simultaneous
0.13183361928659143,28.0,1111111111111101,41.59379132624264,2.4040423758869167,Q3-F: p_hat -> U95 simultaneous
0.13183361928659143,29.0,1111111111111101,41.44193838397797,2.4040423758869167,Q3-F: p_hat -> U95 simultaneous
0.13183361928659143,30.0,1111111111111101,41.29008544171333,2.3555293856481967,Q3-F: p_hat -> U95 simultaneous
0.13183361928659143,31.0,1111111111111101,41.13823249944866,2.2036764433835287,Q3-F: p_hat -> U95 simultaneous
0.13183361928659143,32.0,1111111111111101,40.986379557183994,2.051823501118861,Q3-F: p_hat -> U95 simultaneous
0.13183361928659143,33.0,1111111111111101,40.834526614919355,1.8999705588542213,Q3-F: p_hat -> U95 simultaneous
0.13183361928659143,34.0,1111111111111101,40.68267367265469,1.7481176165895533,Q3-F: p_hat -> U95 simultaneous
0.13183361928659143,35.0,1111111111111101,40.53082073039002,1.5962646743248854,Q3-F: p_hat -> U95 simultaneous
0.13183361928659143,36.0,1111111111111101,40.37896778812535,1.4444117320602174,Q3-F: p_hat -> U95 simultaneous
0.13183361928659143,37.0,1111111111111101,40.22711484586071,1.292558789795578,Q3-F: p_hat -> U95 simultaneous
0.13183361928659143,38.0,1111111111111101,40.075261903596044,1.14070584753091,Q3-F: p_hat -> U95 simultaneous
0.13183361928659143,39.0,1111111111111101,39.923408961331376,0.988852905266242,Q3-F: p_hat -> U95 simultaneous
0.13183361928659143,40.0,1111111111111101,39.771556019066736,0.8369999630016025,Q3-F: p_hat -> U95 simultaneous
0.13501698121525058,6.0,1111111111111101,44.83281723185644,1.9085082023218263,Q3-F: p_hat -> U95 simultaneous
0.13501698121525058,7.0,1111111111111101,44.67672517191642,2.104009060181596,Q3-F: p_hat -> U95 simultaneous
0.13501698121525058,8.0,1111111111111101,44.520633111976395,2.299509918041366,Q3-F: p_hat -> U95 simultaneous
0.13501698121525058,9.0,1111111111111101,44.36454105203637,2.4040423758869167,Q3-F: p_hat -> U95 simultaneous
0.13501698121525058,10.0,1111111111111101,44.20844899209635,2.4040423758869167,Q3-F: p_hat -> U95 simultaneous
0.13501698121525058,11.0,1111111111111101,44.05235693215633,2.4040423758869167,Q3-F: p_hat -> U95 simultaneous
0.13501698121525058,12.0,1111111111111101,43.89626487221631,2.404042375886945,Q3-F: p_hat -> U95 simultaneous
0.13501698121525058,13.0,1111111111111101,43.740172812276285,2.404042375886945,Q3-F: p_hat -> U95 simultaneous
0.13501698121525058,14.0,1111111111111101,43.58408075233626,2.404042375886945,Q3-F: p_hat -> U95 simultaneous
0.13501698121525058,15.0,1111111111111101,43.42798869239621,2.4040423758869167,Q3-F: p_hat -> U95 simultaneous
0.13501698121525058,16.0,1111111111111101,43.27189663245619,2.4040423758869167,Q3-F: p_hat -> U95 simultaneous
0.13501698121525058,17.0,1111111111111101,43.11580457251617,2.4040423758869167,Q3-F: p_hat -> U95 simultaneous
0.13501698121525058,18.0,1111111111111101,42.95971251257615,2.4040423758869167,Q3-F: p_hat -> U95 simultaneous
0.13501698121525058,19.0,1111111111111101,42.803620452636125,2.4040423758869167,Q3-F: p_hat -> U95 simultaneous
0.13501698121525058,20.0,1111111111111101,42.6475283926961,2.4040423758869167,Q3-F: p_hat -> U95 simultaneous
0.13501698121525058,21.0,1111111111111101,42.49143633275608,2.4040423758869167,Q3-F: p_hat -> U95 simultaneous
0.13501698121525058,22.0,1111111111111101,42.33534427281606,2.4040423758869167,Q3-F: p_hat -> U95 simultaneous
0.13501698121525058,23.0,1111111111111101,42.17925221287604,2.4040423758869167,Q3-F: p_hat -> U95 simultaneous
0.13501698121525058,24.0,1111111111111101,42.023160152936015,2.4040423758869167,Q3-F: p_hat -> U95 simultaneous
0.13501698121525058,25.0,1111111111111101,41.86706809299599,2.4040423758869167,Q3-F: p_hat -> U95 simultaneous
0.13501698121525058,26.0,1111111111111101,41.71097603305597,2.4040423758869167,Q3-F: p_hat -> U95 simultaneous
0.13501698121525058,27.0,1111111111111101,41.55488397311595,2.4040423758869167,Q3-F: p_hat -> U95 simultaneous
0.13501698121525058,28.0,1111111111111101,41.39879191317593,2.4040423758869167,Q3-F: p_hat -> U95 simultaneous
0.13501698121525058,29.0,1111111111111101,41.242699853235905,2.4040423758869167,Q3-F: p_hat -> U95 simultaneous
0.13501698121525058,30.0,1111111111111101,41.08660779329588,2.2537905614394447,Q3-F: p_hat -> U95 simultaneous
0.13501698121525058,31.0,1111111111111101,40.93051573335586,2.0976985014994227,Q3-F: p_hat -> U95 simultaneous
0.13501698121525058,32.0,1111111111111101,40.77442367341584,1.9416064415594008,Q3-F: p_hat -> U95 simultaneous
0.13501698121525058,33.0,1111111111111101,40.61833161347582,1.7855143816193788,Q3-F: p_hat -> U95 simultaneous
0.13501698121525058,34.0,1111111111111101,40.462239553535795,1.6294223216793569,Q3-F: p_hat -> U95 simultaneous
0.13501698121525058,35.0,1111111111111101,40.30614749359577,1.473330261739335,Q3-F: p_hat -> U95 simultaneous
0.13501698121525058,36.0,1111111111111101,40.15005543365575,1.317238201799313,Q3-F: p_hat -> U95 simultaneous
0.13501698121525058,37.0,1111111111111101,39.99396337371573,1.161146141859291,Q3-F: p_hat -> U95 simultaneous
0.13501698121525058,38.0,1111111111111101,39.83787131377571,1.005054081919269,Q3-F: p_hat -> U95 simultaneous
0.13501698121525058,39.0,1111111111111101,39.681779253835685,0.8489620219792471,Q3-F: p_hat -> U95 simultaneous
0.13501698121525058,40.0,1111111111111101,39.52568719389566,0.6928699620392251,Q3-F: p_hat -> U95 simultaneous
0.1382003431439097,6.0,1111111111111101,44.73032679096494,1.918752250084708,Q3-F: p_hat -> U95 simultaneous
0.1382003431439097,7.0,1111111111111101,44.56996429598777,2.114253107944478,Q3-F: p_hat -> U95 simultaneous
0.1382003431439097,8.0,1111111111111101,44.40960180101061,2.3097539658042763,Q3-F: p_hat -> U95 simultaneous
0.1382003431439097,9.0,1111111111111101,44.249239306033445,2.4040423758869167,Q3-F: p_hat -> U95 simultaneous
0.1382003431439097,10.0,1111111111111101,44.08887681105625,2.4040423758868883,Q3-F: p_hat -> U95 simultaneous
0.1382003431439097,11.0,1111111111111101,43.92851431607909,2.4040423758869167,Q3-F: p_hat -> U95 simultaneous
0.1382003431439097,12.0,1111111111111101,43.768151821101924,2.4040423758869167,Q3-F: p_hat -> U95 simultaneous
0.1382003431439097,13.0,1111111111111101,43.60778932612476,2.4040423758869167,Q3-F: p_hat -> U95 simultaneous
0.1382003431439097,14.0,1111111111111101,43.447426831147595,2.4040423758869167,Q3-F: p_hat -> U95 simultaneous
0.1382003431439097,15.0,1111111111111101,43.28706433617043,2.4040423758869167,Q3-F: p_hat -> U95 simultaneous
0.1382003431439097,16.0,1111111111111101,43.12670184119327,2.4040423758869167,Q3-F: p_hat -> U95 simultaneous
0.1382003431439097,17.0,1111111111111101,42.9663393462161,2.4040423758869167,Q3-F: p_hat -> U95 simultaneous
0.1382003431439097,18.0,1111111111111101,42.80597685123894,2.404042375886945,Q3-F: p_hat -> U95 simultaneous
0.1382003431439097,19.0,1111111111111101,42.645614356261746,2.4040423758869167,Q3-F: p_hat -> U95 simultaneous
0.1382003431439097,20.0,1111111111111101,42.48525186128458,2.4040423758869167,Q3-F: p_hat -> U95 simultaneous
0.1382003431439097,21.0,1111111111111101,42.32488936630742,2.4040423758869167,Q3-F: p_hat -> U95 simultaneous
0.1382003431439097,22.0,1111111111111101,42.16452687133025,2.4040423758869167,Q3-F: p_hat -> U95 simultaneous
0.1382003431439097,23.0,1111111111111101,42.00416437635309,2.4040423758869167,Q3-F: p_hat -> U95 simultaneous
0.1382003431439097,24.0,1111111111111101,41.843801881375924,2.4040423758869167,Q3-F: p_hat -> U95 simultaneous
0.1382003431439097,25.0,1111111111111101,41.68343938639876,2.4040423758869167,Q3-F: p_hat -> U95 simultaneous
0.1382003431439097,26.0,1111111111111101,41.52307689142157,2.4040423758868883,Q3-F: p_hat -> U95 simultaneous
0.1382003431439097,27.0,1111111111111101,41.3627143964444,2.4040423758869167,Q3-F: p_hat -> U95 simultaneous
0.1382003431439097,28.0,1111111111111101,41.20235190146724,2.4040423758869167,Q3-F: p_hat -> U95 simultaneous
0.1382003431439097,29.0,1111111111111101,41.041989406490075,2.3116626155251367,Q3-F: p_hat -> U95 simultaneous
0.1382003431439097,30.0,1111111111111101,40.88162691151291,2.1513001205479725,Q3-F: p_hat -> U95 simultaneous
0.1382003431439097,31.0,1111111111111101,40.721264416535746,1.9909376255708082,Q3-F: p_hat -> U95 simultaneous
0.1382003431439097,32.0,1111111111111101,40.56090192155858,1.830575130593644,Q3-F: p_hat -> U95 simultaneous
0.1382003431439097,33.0,1111111111111101,40.40053942658142,1.6702126356164797,Q3-F: p_hat -> U95 simultaneous
0.1382003431439097,34.0,1111111111111101,40.24017693160425,1.5098501406393154,Q3-F: p_hat -> U95 simultaneous
0.1382003431439097,35.0,1111111111111101,40.07981443662706,1.3494876456621228,Q3-F: p_hat -> U95 simultaneous
0.1382003431439097,36.0,1111111111111101,39.919451941649896,1.1891251506849585,Q3-F: p_hat -> U95 simultaneous
0.1382003431439097,37.0,1111111111111101,39.75908944667273,1.0287626557077942,Q3-F: p_hat -> U95 simultaneous
0.1382003431439097,38.0,1111111111111101,39.59872695169557,0.86840016073063,Q3-F: p_hat -> U95 simultaneous
0.1382003431439097,39.0,1111111111111101,39.4383644567184,0.7080376657534657,Q3-F: p_hat -> U95 simultaneous
0.1382003431439097,40.0,1111111111111101,39.27800196174124,0.5476751707763015,Q3-F: p_hat -> U95 simultaneous
0.14138370507256884,6.0,1111111111111101,44.62707637342379,1.9289962978476467,Q3-F: p_hat -> U95 simultaneous
0.14138370507256884,7.0,1111111111111101,44.462411777715715,2.124497155707388,Q3-F: p_hat -> U95 simultaneous
0.14138370507256884,8.0,1111111111111101,44.29774718200767,2.319998013567158,Q3-F: p_hat -> U95 simultaneous
0.14138370507256884,9.0,1111111111111101,44.13308258629962,2.4040423758869167,Q3-F: p_hat -> U95 simultaneous
0.14138370507256884,10.0,1111111111111101,43.968417990591576,2.4040423758869167,Q3-F: p_hat -> U95 simultaneous
0.14138370507256884,11.0,1111111111111101,43.80375339488353,2.4040423758869167,Q3-F: p_hat -> U95 simultaneous
0.14138370507256884,12.0,1111111111111101,43.63908879917548,2.4040423758869167,Q3-F: p_hat -> U95 simultaneous
0.14138370507256884,13.0,1111111111111101,43.474424203467436,2.4040423758869167,Q3-F: p_hat -> U95 simultaneous
0.14138370507256884,14.0,1111111111111101,43.30975960775939,2.4040423758869167,Q3-F: p_hat -> U95 simultaneous
0.14138370507256884,15.0,1111111111111101,43.14509501205134,2.4040423758869167,Q3-F: p_hat -> U95 simultaneous
0.14138370507256884,16.0,1111111111111101,42.980430416343296,2.4040423758869167,Q3-F: p_hat -> U95 simultaneous
0.14138370507256884,17.0,1111111111111101,42.81576582063522,2.4040423758869167,Q3-F: p_hat -> U95 simultaneous
0.14138370507256884,18.0,1111111111111101,42.651101224927174,2.4040423758869167,Q3-F: p_hat -> U95 simultaneous
0.14138370507256884,19.0,1111111111111101,42.48643662921913,2.4040423758869167,Q3-F: p_hat -> U95 simultaneous
0.14138370507256884,20.0,1111111111111101,42.32177203351108,2.4040423758869167,Q3-F: p_hat -> U95 simultaneous
0.14138370507256884,21.0,1111111111111101,42.157107437803035,2.4040423758869167,Q3-F: p_hat -> U95 simultaneous
0.14138370507256884,22.0,1111111111111101,41.99244284209499,2.4040423758869167,Q3-F: p_hat -> U95 simultaneous
0.14138370507256884,23.0,1111111111111101,41.82777824638694,2.4040423758869167,Q3-F: p_hat -> U95 simultaneous
0.14138370507256884,24.0,1111111111111101,41.663113650678895,2.4040423758869167,Q3-F: p_hat -> U95 simultaneous
0.14138370507256884,25.0,1111111111111101,41.49844905497085,2.4040423758869167,Q3-F: p_hat -> U95 simultaneous
0.14138370507256884,26.0,1111111111111101,41.3337844592628,2.4040423758869167,Q3-F: p_hat -> U95 simultaneous
0.14138370507256884,27.0,1111111111111101,41.16911986355473,2.4040423758869167,Q3-F: p_hat -> U95 simultaneous
0.14138370507256884,28.0,1111111111111101,41.00445526784668,2.3773788944228897,Q3-F: p_hat -> U95 simultaneous
0.14138370507256884,29.0,1111111111111101,40.83979067213863,2.212714298714843,Q3-F: p_hat -> U95 simultaneous
0.14138370507256884,30.0,1111111111111101,40.67512607643059,2.0480497030067966,Q3-F: p_hat -> U95 simultaneous
0.14138370507256884,31.0,1111111111111101,40.51046148072254,1.88338510729875,Q3-F: p_hat -> U95 simultaneous
0.14138370507256884,32.0,1111111111111101,40.345796885014494,1.7187205115907034,Q3-F: p_hat -> U95 simultaneous
0.14138370507256884,33.0,1111111111111101,40.18113228930645,1.5540559158826568,Q3-F: p_hat -> U95 simultaneous
0.14138370507256884,34.0,1111111111111101,40.0164676935984,1.3893913201746102,Q3-F: p_hat -> U95 simultaneous
0.14138370507256884,35.0,1111111111111101,39.851803097890354,1.2247267244665636,Q3-F: p_hat -> U95 simultaneous
0.14138370507256884,36.0,1111111111111101,39.68713850218231,1.060062128758517,Q3-F: p_hat -> U95 simultaneous
0.14138370507256884,37.0,1111111111111101,39.52247390647423,0.895397533050442,Q3-F: p_hat -> U95 simultaneous
0.14138370507256884,38.0,1111111111111101,39.357809310766186,0.7307329373423954,Q3-F: p_hat -> U95 simultaneous
0.14138370507256884,39.0,1111111111111101,39.19314471505814,0.5660683416343488,Q3-F: p_hat -> U95 simultaneous
0.14138370507256884,40.0,1111111111111101,39.02848011935009,0.40140374592630224,Q3-F: p_hat -> U95 simultaneous
0.14456706700122798,6.0,1111111111111101,44.52305749482474,1.9392403456105285,Q3-F: p_hat -> U95 simultaneous
0.14456706700122798,7.0,1111111111111101,44.35405877917506,2.134741203470327,Q3-F: p_hat -> U95 simultaneous
0.14456706700122798,8.0,1111111111111101,44.185060063525384,2.3302420613300967,Q3-F: p_hat -> U95 simultaneous
0.14456706700122798,9.0,1111111111111101,44.016061347875706,2.4040423758869167,Q3-F: p_hat -> U95 simultaneous
0.14456706700122798,10.0,1111111111111101,43.84706263222603,2.4040423758869167,Q3-F: p_hat -> U95 simultaneous
0.14456706700122798,11.0,1111111111111101,43.67806391657635,2.4040423758869167,Q3-F: p_hat -> U95 simultaneous
0.14456706700122798,12.0,1111111111111101,43.50906520092667,2.4040423758869167,Q3-F: p_hat -> U95 simultaneous
0.14456706700122798,13.0,1111111111111101,43.34006648527699,2.4040423758869167,Q3-F: p_hat -> U95 simultaneous
0.14456706700122798,14.0,1111111111111101,43.171067769627314,2.4040423758869167,Q3-F: p_hat -> U95 simultaneous
0.14456706700122798,15.0,1111111111111101,43.002069053977664,2.404042375886945,Q3-F: p_hat -> U95 simultaneous
0.14456706700122798,16.0,1111111111111101,42.833070338327985,2.4040423758869167,Q3-F: p_hat -> U95 simultaneous
0.14456706700122798,17.0,1111111111111101,42.66407162267831,2.4040423758869167,Q3-F: p_hat -> U95 simultaneous
0.14456706700122798,18.0,1111111111111101,42.49507290702863,2.4040423758869167,Q3-F: p_hat -> U95 simultaneous
0.14456706700122798,19.0,1111111111111101,42.32607419137895,2.4040423758869167,Q3-F: p_hat -> U95 simultaneous
0.14456706700122798,20.0,1111111111111101,42.15707547572927,2.4040423758869167,Q3-F: p_hat -> U95 simultaneous
0.14456706700122798,21.0,1111111111111101,41.98807676007959,2.4040423758869167,Q3-F: p_hat -> U95 simultaneous
0.14456706700122798,22.0,1111111111111101,41.819078044429915,2.4040423758869167,Q3-F: p_hat -> U95 simultaneous
0.14456706700122798,23.0,1111111111111101,41.65007932878024,2.4040423758869167,Q3-F: p_hat -> U95 simultaneous
0.14456706700122798,24.0,1111111111111101,41.48108061313056,2.4040423758869167,Q3-F: p_hat -> U95 simultaneous
0.14456706700122798,25.0,1111111111111101,41.31208189748088,2.4040423758869167,Q3-F: p_hat -> U95 simultaneous
0.14456706700122798,26.0,1111111111111101,41.1430831818312,2.4040423758869167,Q3-F: p_hat -> U95 simultaneous
0.14456706700122798,27.0,1111111111111101,40.97408446618152,2.4040423758869167,Q3-F: p_hat -> U95 simultaneous
0.14456706700122798,28.0,1111111111111101,40.80508575053187,2.2820282557071323,Q3-F: p_hat -> U95 simultaneous
0.14456706700122798,29.0,1111111111111101,40.636087034882195,2.113029540057454,Q3-F: p_hat -> U95 simultaneous
0.14456706700122798,30.0,1111111111111101,40.467088319232516,1.9440308244077755,Q3-F: p_hat -> U95 simultaneous
0.14456706700122798,31.0,1111111111111101,40.29808960358284,1.7750321087580971,Q3-F: p_hat -> U95 simultaneous
0.14456706700122798,32.0,1111111111111101,40.12909088793316,1.6060333931084187,Q3-F: p_hat -> U95 simultaneous
0.14456706700122798,33.0,1111111111111101,39.96009217228348,1.4370346774587404,Q3-F: p_hat -> U95 simultaneous
0.14456706700122798,34.0,1111111111111101,39.7910934566338,1.268035961809062,Q3-F: p_hat -> U95 simultaneous
0.14456706700122798,35.0,1111111111111101,39.622094740984124,1.0990372461593836,Q3-F: p_hat -> U95 simultaneous
0.14456706700122798,36.0,1111111111111101,39.453096025334446,0.9300385305097052,Q3-F: p_hat -> U95 simultaneous
0.14456706700122798,37.0,1111111111111101,39.28409730968477,0.7610398148600268,Q3-F: p_hat -> U95 simultaneous
0.14456706700122798,38.0,1111111111111101,39.11509859403509,0.5920410992103484,Q3-F: p_hat -> U95 simultaneous
0.14456706700122798,39.0,1111111111111101,38.94609987838541,0.42304238356067003,Q3-F: p_hat -> U95 simultaneous
0.14456706700122798,40.0,1111111111111101,38.77710116273573,0.25404366791099164,Q3-F: p_hat -> U95 simultaneous
0.14775042892988713,6.0,1111111111111101,44.41826154399419,1.9494843933734387,Q3-F: p_hat -> U95 simultaneous
0.14775042892988713,7.0,1111111111111101,44.24489633039326,2.144985251233237,Q3-F: p_hat -> U95 simultaneous
0.14775042892988713,8.0,1111111111111101,44.0715311167923,2.340486109093007,Q3-F: p_hat -> U95 simultaneous
0.14775042892988713,9.0,1111111111111101,43.89816590319134,2.4040423758869167,Q3-F: p_hat -> U95 simultaneous
0.14775042892988713,10.0,1111111111111101,43.72480068959041,2.4040423758869167,Q3-F: p_hat -> U95 simultaneous
0.14775042892988713,11.0,1111111111111101,43.55143547598945,2.4040423758869167,Q3-F: p_hat -> U95 simultaneous
0.14775042892988713,12.0,1111111111111101,43.37807026238849,2.4040423758869167,Q3-F: p_hat -> U95 simultaneous
0.14775042892988713,13.0,1111111111111101,43.20470504878756,2.4040423758869167,Q3-F: p_hat -> U95 simultaneous
0.14775042892988713,14.0,1111111111111101,43.0313398351866,2.4040423758869167,Q3-F: p_hat -> U95 simultaneous
0.14775042892988713,15.0,1111111111111101,42.85797462158567,2.4040423758869167,Q3-F: p_hat -> U95 simultaneous
0.14775042892988713,16.0,1111111111111101,42.68460940798471,2.4040423758869167,Q3-F: p_hat -> U95 simultaneous
0.14775042892988713,17.0,1111111111111101,42.51124419438375,2.4040423758869167,Q3-F: p_hat -> U95 simultaneous
0.14775042892988713,18.0,1111111111111101,42.33787898078282,2.4040423758869167,Q3-F: p_hat -> U95 simultaneous
0.14775042892988713,19.0,1111111111111101,42.16451376718186,2.4040423758869167,Q3-F: p_hat -> U95 simultaneous
0.14775042892988713,20.0,1111111111111101,41.9911485535809,2.4040423758869167,Q3-F: p_hat -> U95 simultaneous
0.14775042892988713,21.0,1111111111111101,41.81778333997997,2.4040423758869167,Q3-F: p_hat -> U95 simultaneous
0.14775042892988713,22.0,1111111111111101,41.64441812637901,2.4040423758869167,Q3-F: p_hat -> U95 simultaneous
0.14775042892988713,23.0,1111111111111101,41.47105291277808,2.4040423758869167,Q3-F: p_hat -> U95 simultaneous
0.14775042892988713,24.0,1111111111111101,41.29768769917712,2.4040423758869167,Q3-F: p_hat -> U95 simultaneous
0.14775042892988713,25.0,1111111111111101,41.12432248557616,2.4040423758869167,Q3-F: p_hat -> U95 simultaneous
0.14775042892988713,26.0,1111111111111101,40.95095727197523,2.4040423758869167,Q3-F: p_hat -> U95 simultaneous
0.14775042892988713,27.0,1111111111111101,40.77759205837427,2.3593305143800762,Q3-F: p_hat -> U95 simultaneous
0.14775042892988713,28.0,1111111111111101,40.60422684477331,2.1859653007791167,Q3-F: p_hat -> U95 simultaneous
0.14775042892988713,29.0,1111111111111101,40.43086163117238,2.0126000871781855,Q3-F: p_hat -> U95 simultaneous
0.14775042892988713,30.0,1111111111111101,40.25749641757142,1.839234873577226,Q3-F: p_hat -> U95 simultaneous
0.14775042892988713,31.0,1111111111111101,40.084131203970486,1.6658696599762948,Q3-F: p_hat -> U95 simultaneous
0.14775042892988713,32.0,1111111111111101,39.910765990369526,1.4925044463753352,Q3-F: p_hat -> U95 simultaneous
0.14775042892988713,33.0,1111111111111101,39.73740077676857,1.3191392327743756,Q3-F: p_hat -> U95 simultaneous
0.14775042892988713,34.0,1111111111111101,39.564035563167636,1.1457740191734445,Q3-F: p_hat -> U95 simultaneous
0.14775042892988713,35.0,1111111111111101,39.390670349566676,0.9724088055724849,Q3-F: p_hat -> U95 simultaneous
0.14775042892988713,36.0,1111111111111101,39.21730513596572,0.7990435919715253,Q3-F: p_hat -> U95 simultaneous
0.14775042892988713,37.0,1111111111111101,39.043939922364785,0.6256783783705941,Q3-F: p_hat -> U95 simultaneous
0.14775042892988713,38.0,1111111111111101,38.870574708763826,0.45231316476963457,Q3-F: p_hat -> U95 simultaneous
0.14775042892988713,39.0,1111111111111101,38.697209495162895,0.2789479511687034,Q3-F: p_hat -> U95 simultaneous
0.14775042892988713,40.0,1111111111111101,38.523844281561935,0.10558273756774383,Q3-F: p_hat -> U95 simultaneous
0.15093379085854627,6.0,1111111111111101,44.31267978061675,1.9597284411363773,Q3-F: p_hat -> U95 simultaneous
0.15093379085854627,7.0,1111111111111101,44.134915326875074,2.1552292989961472,Q3-F: p_hat -> U95 simultaneous
0.15093379085854627,8.0,1111111111111101,43.95715087313337,2.3507301568558887,Q3-F: p_hat -> U95 simultaneous
0.15093379085854627,9.0,1111111111111101,43.7793864193917,2.4040423758869167,Q3-F: p_hat -> U95 simultaneous
0.15093379085854627,10.0,1111111111111101,43.601621965650025,2.4040423758869167,Q3-F: p_hat -> U95 simultaneous
0.15093379085854627,11.0,1111111111111101,43.42385751190835,2.4040423758869167,Q3-F: p_hat -> U95 simultaneous
0.15093379085854627,12.0,1111111111111101,43.24609305816668,2.4040423758869167,Q3-F: p_hat -> U95 simultaneous
0.15093379085854627,13.0,1111111111111101,43.068328604425005,2.4040423758869167,Q3-F: p_hat -> U95 simultaneous
0.15093379085854627,14.0,1111111111111101,42.89056415068333,2.4040423758869167,Q3-F: p_hat -> U95 simultaneous
0.15093379085854627,15.0,1111111111111101,42.71279969694166,2.4040423758869167,Q3-F: p_hat -> U95 simultaneous
0.15093379085854627,16.0,1111111111111101,42.535035243199985,2.4040423758869167,Q3-F: p_hat -> U95 simultaneous
0.15093379085854627,17.0,1111111111111101,42.35727078945831,2.4040423758869167,Q3-F: p_hat -> U95 simultaneous
0.15093379085854627,18.0,1111111111111101,42.17950633571661,2.4040423758869167,Q3-F: p_hat -> U95 simultaneous
0.15093379085854627,19.0,1111111111111101,42.00174188197494,2.4040423758869167,Q3-F: p_hat -> U95 simultaneous
0.15093379085854627,20.0,1111111111111101,41.82397742823326,2.4040423758869167,Q3-F: p_hat -> U95 simultaneous
0.15093379085854627,21.0,1111111111111101,41.64621297449159,2.4040423758869167,Q3-F: p_hat -> U95 simultaneous
0.15093379085854627,22.0,1111111111111101,41.46844852074992,2.4040423758869167,Q3-F: p_hat -> U95 simultaneous
0.15093379085854627,23.0,1111111111111101,41.29068406700824,2.4040423758869167,Q3-F: p_hat -> U95 simultaneous
0.15093379085854627,24.0,1111111111111101,41.11291961326657,2.4040423758869167,Q3-F: p_hat -> U95 simultaneous
0.15093379085854627,25.0,1111111111111101,40.935155159524896,2.4040423758869167,Q3-F: p_hat -> U95 simultaneous
0.15093379085854627,26.0,1111111111111101,40.75739070578322,2.4040423758869167,Q3-F: p_hat -> U95 simultaneous
0.15093379085854627,27.0,1111111111111101,40.57962625204155,2.266946471424802,Q3-F: p_hat -> U95 simultaneous
0.15093379085854627,28.0,1111111111111101,40.40186179829985,2.0891820176831004,Q3-F: p_hat -> U95 simultaneous
0.15093379085854627,29.0,1111111111111101,40.224097344558174,1.911417563941427,Q3-F: p_hat -> U95 simultaneous
0.15093379085854627,30.0,1111111111111101,40.0463328908165,1.7336531101997537,Q3-F: p_hat -> U95 simultaneous
0.15093379085854627,31.0,1111111111111101,39.86856843707483,1.5558886564580803,Q3-F: p_hat -> U95 simultaneous
0.15093379085854627,32.0,1111111111111101,39.690803983333154,1.378124202716407,Q3-F: p_hat -> U95 simultaneous
0.15093379085854627,33.0,1111111111111101,39.51303952959148,1.2003597489747335,Q3-F: p_hat -> U95 simultaneous
0.15093379085854627,34.0,1111111111111101,39.33527507584981,1.0225952952330601,Q3-F: p_hat -> U95 simultaneous
0.15093379085854627,35.0,1111111111111101,39.157510622108134,0.8448308414913868,Q3-F: p_hat -> U95 simultaneous
0.15093379085854627,36.0,1111111111111101,38.97974616836646,0.6670663877497134,Q3-F: p_hat -> U95 simultaneous
0.15093379085854627,37.0,1111111111111101,38.80198171462479,0.48930193400804,Q3-F: p_hat -> U95 simultaneous
0.15093379085854627,38.0,1111111111111101,38.624217260883086,0.3115374802663382,Q3-F: p_hat -> U95 simultaneous
0.15093379085854627,39.0,1111111111111101,38.44645280714141,0.13377302652466483,Q3-F: p_hat -> U95 simultaneous
0.15093379085854627,40.0,1111111111111111,38.31267978061675,0.04399142721700855,Q3-F: p_hat -> U95 simultaneous
0.1541171527872054,6.0,1111111111111101,44.206303332805135,1.9699724888992876,Q3-F: p_hat -> U95 simultaneous
0.1541171527872054,7.0,1111111111111101,44.0241065270713,2.165473346759029,Q3-F: p_hat -> U95 simultaneous
0.1541171527872054,8.0,1111111111111101,43.84190972133749,2.3609742046188273,Q3-F: p_hat -> U95 simultaneous
0.1541171527872054,9.0,1111111111111101,43.65971291560365,2.4040423758869167,Q3-F: p_hat -> U95 simultaneous
0.1541171527872054,10.0,1111111111111101,43.47751610986984,2.4040423758869167,Q3-F: p_hat -> U95 simultaneous
0.1541171527872054,11.0,1111111111111101,43.295319304136,2.4040423758869167,Q3-F: p_hat -> U95 simultaneous
0.1541171527872054,12.0,1111111111111101,43.11312249840216,2.4040423758868883,Q3-F: p_hat -> U95 simultaneous
0.1541171527872054,13.0,1111111111111101,42.93092569266835,2.4040423758869167,Q3-F: p_hat -> U95 simultaneous
0.1541171527872054,14.0,1111111111111101,42.748728886934515,2.4040423758869167,Q3-F: p_hat -> U95 simultaneous
0.1541171527872054,15.0,1111111111111101,42.566532081200705,2.4040423758869167,Q3-F: p_hat -> U95 simultaneous
0.1541171527872054,16.0,1111111111111101,42.38433527546687,2.4040423758869167,Q3-F: p_hat -> U95 simultaneous
0.1541171527872054,17.0,1111111111111101,42.20213846973306,2.4040423758869167,Q3-F: p_hat -> U95 simultaneous
0.1541171527872054,18.0,1111111111111101,42.01994166399922,2.4040423758869167,Q3-F: p_hat -> U95 simultaneous
0.1541171527872054,19.0,1111111111111101,41.83774485826538,2.4040423758869167,Q3-F: p_hat -> U95 simultaneous
0.1541171527872054,20.0,1111111111111101,41.65554805253157,2.4040423758869167,Q3-F: p_hat -> U95 simultaneous
0.1541171527872054,21.0,1111111111111101,41.47335124679773,2.4040423758869167,Q3-F: p_hat -> U95 simultaneous
0.1541171527872054,22.0,1111111111111101,41.291154441063924,2.4040423758869167,Q3-F: p_hat -> U95 simultaneous
0.1541171527872054,23.0,1111111111111101,41.108957635330086,2.4040423758869167,Q3-F: p_hat -> U95 simultaneous
0.1541171527872054,24.0,1111111111111101,40.926760829596276,2.404042375886945,Q3-F: p_hat -> U95 simultaneous
0.1541171527872054,25.0,1111111111111101,40.74456402386244,2.4040423758869167,Q3-F: p_hat -> U95 simultaneous
0.1541171527872054,26.0,1111111111111101,40.5623672181286,2.356063885323465,Q3-F: p_hat -> U95 simultaneous
0.1541171527872054,27.0,1111111111111101,40.38017041239479,2.1738670795896553,Q3-F: p_hat -> U95 simultaneous
0.1541171527872054,28.0,1111111111111101,40.19797360666095,1.9916702738558172,Q3-F: p_hat -> U95 simultaneous
0.1541171527872054,29.0,1111111111111101,40.01577680092714,1.8094734681220075,Q3-F: p_hat -> U95 simultaneous
0.1541171527872054,30.0,1111111111111101,39.833579995193304,1.6272766623881694,Q3-F: p_hat -> U95 simultaneous
0.1541171527872054,31.0,1111111111111101,39.651383189459466,1.4450798566543313,Q3-F: p_hat -> U95 simultaneous
0.1541171527872054,32.0,1111111111111101,39.469186383725656,1.2628830509205216,Q3-F: p_hat -> U95 simultaneous
0.1541171527872054,33.0,1111111111111101,39.28698957799182,1.0806862451866834,Q3-F: p_hat -> U95 simultaneous
0.1541171527872054,34.0,1111111111111101,39.10479277225801,0.8984894394528737,Q3-F: p_hat -> U95 simultaneous
0.1541171527872054,35.0,1111111111111101,38.92259596652417,0.7162926337190356,Q3-F: p_hat -> U95 simultaneous
0.1541171527872054,36.0,1111111111111101,38.74039916079033,0.5340958279851975,Q3-F: p_hat -> U95 simultaneous
0.1541171527872054,37.0,1111111111111101,38.55820235505652,0.3518990222513878,Q3-F: p_hat -> U95 simultaneous
0.1541171527872054,38.0,1111111111111101,38.376005549322684,0.1697022165175497,Q3-F: p_hat -> U95 simultaneous
0.1541171527872054,39.0,1111111111111111,38.206303332805135,0.01249458921626001,Q3-F: p_hat -> U95 simultaneous
0.1541171527872054,40.0,1111111111111111,38.206303332805135,0.19469139495009813,Q3-F: p_hat -> U95 simultaneous
0.15730051471586454,6.0,1111111111111101,44.0991231946152,1.9802165366621978,Q3-F: p_hat -> U95 simultaneous
0.15730051471586454,7.0,1111111111111101,43.912460549790126,2.1757173945219392,Q3-F: p_hat -> U95 simultaneous
0.15730051471586454,8.0,1111111111111101,43.72579790496505,2.3712182523817376,Q3-F: p_hat -> U95 simultaneous
0.15730051471586454,9.0,1111111111111101,43.53913526014,2.4040423758869167,Q3-F: p_hat -> U95 simultaneous
0.15730051471586454,10.0,1111111111111101,43.35247261531492,2.4040423758869167,Q3-F: p_hat -> U95 simultaneous
0.15730051471586454,11.0,1111111111111101,43.165809970489846,2.4040423758869167,Q3-F: p_hat -> U95 simultaneous
0.15730051471586454,12.0,1111111111111101,42.97914732566477,2.4040423758869167,Q3-F: p_hat -> U95 simultaneous
0.15730051471586454,13.0,1111111111111101,42.79248468083969,2.4040423758869167,Q3-F: p_hat -> U95 simultaneous
0.15730051471586454,14.0,1111111111111101,42.605822036014615,2.4040423758869167,Q3-F: p_hat -> U95 simultaneous
0.15730051471586454,15.0,1111111111111101,42.41915939118954,2.4040423758869167,Q3-F: p_hat -> U95 simultaneous
0.15730051471586454,16.0,1111111111111101,42.23249674636446,2.4040423758868883,Q3-F: p_hat -> U95 simultaneous
0.15730051471586454,17.0,1111111111111101,42.04583410153941,2.4040423758869167,Q3-F: p_hat -> U95 simultaneous
0.15730051471586454,18.0,1111111111111101,41.859171456714336,2.4040423758869167,Q3-F: p_hat -> U95 simultaneous
0.15730051471586454,19.0,1111111111111101,41.67250881188926,2.4040423758869167,Q3-F: p_hat -> U95 simultaneous
0.15730051471586454,20.0,1111111111111101,41.48584616706418,2.4040423758869167,Q3-F: p_hat -> U95 simultaneous
0.15730051471586454,21.0,1111111111111101,41.299183522239105,2.4040423758869167,Q3-F: p_hat -> U95 simultaneous
0.15730051471586454,22.0,1111111111111101,41.11252087741403,2.4040423758869167,Q3-F: p_hat -> U95 simultaneous
0.15730051471586454,23.0,1111111111111101,40.92585823258895,2.4040423758869167,Q3-F: p_hat -> U95 simultaneous
0.15730051471586454,24.0,1111111111111101,40.7391955877639,2.4040423758869167,Q3-F: p_hat -> U95 simultaneous
0.15730051471586454,25.0,1111111111111101,40.552532942938825,2.4040423758869167,Q3-F: p_hat -> U95 simultaneous
0.15730051471586454,26.0,1111111111111101,40.36587029811375,2.2667471034985454,Q3-F: p_hat -> U95 simultaneous
0.15730051471586454,27.0,1111111111111101,40.17920765328867,2.0800844586734684,Q3-F: p_hat -> U95 simultaneous
0.15730051471586454,28.0,1111111111111101,39.992545008463594,1.8934218138483914,Q3-F: p_hat -> U95 simultaneous
0.15730051471586454,29.0,1111111111111101,39.80588236363852,1.7067591690233144,Q3-F: p_hat -> U95 simultaneous
0.15730051471586454,30.0,1111111111111101,39.61921971881344,1.5200965241982374,Q3-F: p_hat -> U95 simultaneous
0.15730051471586454,31.0,1111111111111101,39.43255707398839,1.3334338793731888,Q3-F: p_hat -> U95 simultaneous
0.15730051471586454,32.0,1111111111111101,39.245894429163314,1.1467712345481118,Q3-F: p_hat -> U95 simultaneous
0.15730051471586454,33.0,1111111111111101,39.05923178433824,0.9601085897230348,Q3-F: p_hat -> U95 simultaneous
0.15730051471586454,34.0,1111111111111101,38.87256913951316,0.7734459448979578,Q3-F: p_hat -> U95 simultaneous
0.15730051471586454,35.0,1111111111111101,38.68590649468808,0.5867833000728808,Q3-F: p_hat -> U95 simultaneous
0.15730051471586454,36.0,1111111111111101,38.49924384986301,0.4001206552478038,Q3-F: p_hat -> U95 simultaneous
0.15730051471586454,37.0,1111111111111101,38.31258120503793,0.21345801042272683,Q3-F: p_hat -> U95 simultaneous
0.15730051471586454,38.0,1111111111111101,38.12591856021285,0.026795365597649834,Q3-F: p_hat -> U95 simultaneous
0.15730051471586454,39.0,1111111111111111,38.0991231946152,0.15986727922739874,Q3-F: p_hat -> U95 simultaneous
0.15730051471586454,40.0,1111111111111111,38.0991231946152,0.34652992405247574,Q3-F: p_hat -> U95 simultaneous
0.16048387664452368,6.0,1111111111111101,43.9911302235042,1.990460584425108,Q3-F: p_hat -> U95 simultaneous
0.16048387664452368,7.0,1111111111111101,43.79996787154951,2.185961442284878,Q3-F: p_hat -> U95 simultaneous
0.16048387664452368,8.0,1111111111111101,43.608805519594796,2.3814623001446478,Q3-F: p_hat -> U95 simultaneous
0.16048387664452368,9.0,1111111111111101,43.41764316764011,2.4040423758869167,Q3-F: p_hat -> U95 simultaneous
0.16048387664452368,10.0,1111111111111101,43.22648081568542,2.404042375886945,Q3-F: p_hat -> U95 simultaneous
0.16048387664452368,11.0,1111111111111101,43.035318463730704,2.4040423758869167,Q3-F: p_hat -> U95 simultaneous
0.16048387664452368,12.0,1111111111111101,42.844156111776016,2.4040423758869167,Q3-F: p_hat -> U95 simultaneous
0.16048387664452368,13.0,1111111111111101,42.6529937598213,2.4040423758869167,Q3-F: p_hat -> U95 simultaneous
0.16048387664452368,14.0,1111111111111101,42.46183140786661,2.4040423758869167,Q3-F: p_hat -> U95 simultaneous
0.16048387664452368,15.0,1111111111111101,42.270669055911924,2.4040423758869167,Q3-F: p_hat -> U95 simultaneous
0.16048387664452368,16.0,1111111111111101,42.07950670395721,2.4040423758869167,Q3-F: p_hat -> U95 simultaneous
0.16048387664452368,17.0,1111111111111101,41.88834435200252,2.4040423758869167,Q3-F: p_hat -> U95 simultaneous
0.16048387664452368,18.0,1111111111111101,41.6971820000478,2.4040423758868883,Q3-F: p_hat -> U95 simultaneous
0.16048387664452368,19.0,1111111111111101,41.506019648093115,2.4040423758869167,Q3-F: p_hat -> U95 simultaneous
0.16048387664452368,20.0,1111111111111101,41.31485729613843,2.4040423758869167,Q3-F: p_hat -> U95 simultaneous
0.16048387664452368,21.0,1111111111111101,41.12369494418371,2.4040423758869167,Q3-F: p_hat -> U95 simultaneous
0.16048387664452368,22.0,1111111111111101,40.93253259222902,2.4040423758869167,Q3-F: p_hat -> U95 simultaneous
0.16048387664452368,23.0,1111111111111101,40.741370240274335,2.4040423758869167,Q3-F: p_hat -> U95 simultaneous
0.16048387664452368,24.0,1111111111111101,40.55020788831962,2.4040423758869167,Q3-F: p_hat -> U95 simultaneous
0.16048387664452368,25.0,1111111111111101,40.35904553636493,2.367915312860731,Q3-F: p_hat -> U95 simultaneous
0.16048387664452368,26.0,1111111111111101,40.16788318441024,2.176752960906043,Q3-F: p_hat -> U95 simultaneous
0.16048387664452368,27.0,1111111111111101,39.97672083245553,1.9855906089513269,Q3-F: p_hat -> U95 simultaneous
0.16048387664452368,28.0,1111111111111101,39.78555848050084,1.794428256996639,Q3-F: p_hat -> U95 simultaneous
0.16048387664452368,29.0,1111111111111101,39.59439612854612,1.6032659050419227,Q3-F: p_hat -> U95 simultaneous
0.16048387664452368,30.0,1111111111111101,39.403233776591435,1.4121035530872348,Q3-F: p_hat -> U95 simultaneous
0.16048387664452368,31.0,1111111111111101,39.21207142463675,1.220941201132547,Q3-F: p_hat -> U95 simultaneous
0.16048387664452368,32.0,1111111111111101,39.02090907268203,1.0297788491778306,Q3-F: p_hat -> U95 simultaneous
0.16048387664452368,33.0,1111111111111101,38.82974672072734,0.8386164972231427,Q3-F: p_hat -> U95 simultaneous
0.16048387664452368,34.0,1111111111111101,38.63858436877263,0.6474541452684264,Q3-F: p_hat -> U95 simultaneous
0.16048387664452368,35.0,1111111111111101,38.44742201681794,0.4562917933137385,Q3-F: p_hat -> U95 simultaneous
0.16048387664452368,36.0,1111111111111101,38.25625966486325,0.2651294413590506,Q3-F: p_hat -> U95 simultaneous
0.16048387664452368,37.0,1111111111111101,38.065097312908534,0.07396708940433427,Q3-F: p_hat -> U95 simultaneous
0.16048387664452368,38.0,1111111111111111,37.9911302235042,0.11719526255035362,Q3-F: p_hat -> U95 simultaneous
0.16048387664452368,39.0,1111111111111111,37.9911302235042,0.3083576145050415,Q3-F: p_hat -> U95 simultaneous
0.16048387664452368,40.0,1111111111111111,37.9911302235042,0.4995199664597578,Q3-F: p_hat -> U95 simultaneous
0.16366723857318283,6.0,1111111111111101,43.88231513773104,2.0007046321879898,Q3-F: p_hat -> U95 simultaneous
0.16366723857318283,7.0,1111111111111101,43.68661882386914,2.196205490047788,Q3-F: p_hat -> U95 simultaneous
0.16366723857318283,8.0,1111111111111101,43.49092251000724,2.391706347907558,Q3-F: p_hat -> U95 simultaneous
0.16366723857318283,9.0,1111111111111101,43.29522619614531,2.4040423758869167,Q3-F: p_hat -> U95 simultaneous
0.16366723857318283,10.0,1111111111111101,43.099529882283406,2.4040423758869167,Q3-F: p_hat -> U95 simultaneous
0.16366723857318283,11.0,1111111111111101,42.903833568421476,2.4040423758868883,Q3-F: p_hat -> U95 simultaneous
0.16366723857318283,12.0,1111111111111101,42.708137254559574,2.4040423758869167,Q3-F: p_hat -> U95 simultaneous
0.16366723857318283,13.0,1111111111111101,42.51244094069767,2.4040423758869167,Q3-F: p_hat -> U95 simultaneous
0.16366723857318283,14.0,1111111111111101,42.31674462683574,2.4040423758869167,Q3-F: p_hat -> U95 simultaneous
0.16366723857318283,15.0,1111111111111101,42.12104831297384,2.4040423758869167,Q3-F: p_hat -> U95 simultaneous
0.16366723857318283,16.0,1111111111111101,41.92535199911194,2.4040423758869167,Q3-F: p_hat -> U95 simultaneous
0.16366723857318283,17.0,1111111111111101,41.72965568525001,2.4040423758869167,Q3-F: p_hat -> U95 simultaneous
0.16366723857318283,18.0,1111111111111101,41.53395937138811,2.4040423758869167,Q3-F: p_hat -> U95 simultaneous
0.16366723857318283,19.0,1111111111111101,41.33826305752618,2.4040423758869167,Q3-F: p_hat -> U95 simultaneous
0.16366723857318283,20.0,1111111111111101,41.142566743664275,2.4040423758869167,Q3-F: p_hat -> U95 simultaneous
0.16366723857318283,21.0,1111111111111101,40.946870429802374,2.4040423758869167,Q3-F: p_hat -> U95 simultaneous
0.16366723857318283,22.0,1111111111111101,40.751174115940444,2.4040423758869167,Q3-F: p_hat -> U95 simultaneous
0.16366723857318283,23.0,1111111111111101,40.55547780207854,2.4040423758869167,Q3-F: p_hat -> U95 simultaneous
0.16366723857318283,24.0,1111111111111101,40.35978148821661,2.4040423758869167,Q3-F: p_hat -> U95 simultaneous
0.16366723857318283,25.0,1111111111111101,40.16408517435471,2.2817700366236693,Q3-F: p_hat -> U95 simultaneous
0.16366723857318283,26.0,1111111111111101,39.96838886049281,2.0860737227617676,Q3-F: p_hat -> U95 simultaneous
0.16366723857318283,27.0,1111111111111101,39.77269254663088,1.8903774088998375,Q3-F: p_hat -> U95 simultaneous
0.16366723857318283,28.0,1111111111111101,39.57699623276898,1.6946810950379358,Q3-F: p_hat -> U95 simultaneous
0.16366723857318283,29.0,1111111111111101,39.38129991890705,1.4989847811760058,Q3-F: p_hat -> U95 simultaneous
0.16366723857318283,30.0,1111111111111101,39.185603605045145,1.303288467314104,Q3-F: p_hat -> U95 simultaneous
0.16366723857318283,31.0,1111111111111101,38.98990729118324,1.1075921534522024,Q3-F: p_hat -> U95 simultaneous
0.16366723857318283,32.0,1111111111111101,38.79421097732131,0.9118958395902723,Q3-F: p_hat -> U95 simultaneous
0.16366723857318283,33.0,1111111111111101,38.59851466345941,0.7161995257283706,Q3-F: p_hat -> U95 simultaneous
0.16366723857318283,34.0,1111111111111101,38.40281834959748,0.5205032118664406,Q3-F: p_hat -> U95 simultaneous
0.16366723857318283,35.0,1111111111111101,38.20712203573558,0.3248068980045389,Q3-F: p_hat -> U95 simultaneous
0.16366723857318283,36.0,1111111111111101,38.01142572187368,0.1291105841426372,Q3-F: p_hat -> U95 simultaneous
0.16366723857318283,37.0,1111111111111111,37.88231513773104,0.06658572971929289,Q3-F: p_hat -> U95 simultaneous
0.16366723857318283,38.0,1111111111111111,37.88231513773104,0.26228204358119456,Q3-F: p_hat -> U95 simultaneous
0.16366723857318283,39.0,1111111111111111,37.88231513773104,0.45797835744312465,Q3-F: p_hat -> U95 simultaneous
0.16366723857318283,40.0,1111111111111111,37.88231513773104,0.6536746713050263,Q3-F: p_hat -> U95 simultaneous
0.16685060050184197,6.0,1111111111111101,43.77266851369711,2.0109486799509,Q3-F: p_hat -> U95 simultaneous
0.16685060050184197,7.0,1111111111111101,43.57240359050047,2.2064495378106983,Q3-F: p_hat -> U95 simultaneous
0.16685060050184197,8.0,1111111111111101,43.3721386673038,2.401950395670468,Q3-F: p_hat -> U95 simultaneous
0.16685060050184197,9.0,1111111111111101,43.17187374410716,2.4040423758869167,Q3-F: p_hat -> U95 simultaneous
0.16685060050184197,10.0,1111111111111101,42.97160882091049,2.4040423758869167,Q3-F: p_hat -> U95 simultaneous
0.16685060050184197,11.0,1111111111111101,42.77134389771382,2.4040423758869167,Q3-F: p_hat -> U95 simultaneous
0.16685060050184197,12.0,1111111111111101,42.57107897451718,2.4040423758869167,Q3-F: p_hat -> U95 simultaneous
0.16685060050184197,13.0,1111111111111101,42.37081405132051,2.4040423758869167,Q3-F: p_hat -> U95 simultaneous
0.16685060050184197,14.0,1111111111111101,42.17054912812384,2.4040423758869167,Q3-F: p_hat -> U95 simultaneous
0.16685060050184197,15.0,1111111111111101,41.9702842049272,2.4040423758869167,Q3-F: p_hat -> U95 simultaneous
0.16685060050184197,16.0,1111111111111101,41.77001928173053,2.4040423758869167,Q3-F: p_hat -> U95 simultaneous
0.16685060050184197,17.0,1111111111111101,41.56975435853386,2.4040423758869167,Q3-F: p_hat -> U95 simultaneous
0.16685060050184197,18.0,1111111111111101,41.369489435337215,2.4040423758869167,Q3-F: p_hat -> U95 simultaneous
0.16685060050184197,19.0,1111111111111101,41.169224512140545,2.4040423758869167,Q3-F: p_hat -> U95 simultaneous
0.16685060050184197,20.0,1111111111111101,40.968959588943875,2.4040423758869167,Q3-F: p_hat -> U95 simultaneous
0.16685060050184197,21.0,1111111111111101,40.76869466574723,2.4040423758869167,Q3-F: p_hat -> U95 simultaneous
0.16685060050184197,22.0,1111111111111101,40.56842974255056,2.4040423758869167,Q3-F: p_hat -> U95 simultaneous
0.16685060050184197,23.0,1111111111111101,40.36816481935392,2.404042375886945,Q3-F: p_hat -> U95 simultaneous
0.16685060050184197,24.0,1111111111111101,40.16789989615725,2.395231382460139,Q3-F: p_hat -> U95 simultaneous
0.16685060050184197,25.0,1111111111111101,39.96763497296058,2.194966459263469,Q3-F: p_hat -> U95 simultaneous
0.16685060050184197,26.0,1111111111111101,39.76737004976394,1.9947015360668274,Q3-F: p_hat -> U95 simultaneous
0.16685060050184197,27.0,1111111111111101,39.56710512656727,1.7944366128701574,Q3-F: p_hat -> U95 simultaneous
0.16685060050184197,28.0,1111111111111101,39.3668402033706,1.5941716896734874,Q3-F: p_hat -> U95 simultaneous
0.16685060050184197,29.0,1111111111111101,39.16657528017396,1.3939067664768459,Q3-F: p_hat -> U95 simultaneous
0.16685060050184197,30.0,1111111111111101,38.96631035697729,1.1936418432801759,Q3-F: p_hat -> U95 simultaneous
0.16685060050184197,31.0,1111111111111101,38.76604543378062,0.9933769200835059,Q3-F: p_hat -> U95 simultaneous
0.16685060050184197,32.0,1111111111111101,38.56578051058398,0.7931119968868643,Q3-F: p_hat -> U95 simultaneous
0.16685060050184197,33.0,1111111111111101,38.36551558738731,0.5928470736901943,Q3-F: p_hat -> U95 simultaneous
0.16685060050184197,34.0,1111111111111101,38.16525066419064,0.3925821504935243,Q3-F: p_hat -> U95 simultaneous
0.16685060050184197,35.0,1111111111111101,37.964985740993995,0.19231722729688272,Q3-F: p_hat -> U95 simultaneous
0.16685060050184197,36.0,1111111111111111,37.77266851369711,0.007947695899787277,Q3-F: p_hat -> U95 simultaneous
0.16685060050184197,37.0,1111111111111111,37.77266851369711,0.20821261909645727,Q3-F: p_hat -> U95 simultaneous
0.16685060050184197,38.0,1111111111111111,37.77266851369711,0.40847754229309885,Q3-F: p_hat -> U95 simultaneous
0.16685060050184197,39.0,1111111111111111,37.77266851369711,0.6087424654897688,Q3-F: p_hat -> U95 simultaneous
0.16685060050184197,40.0,1111111111111111,37.77266851369711,0.8090073886864388,Q3-F: p_hat -> U95 simultaneous
0.17003396243050112,6.0,1111111111111101,43.66218078322569,2.0211927277138386,Q3-F: p_hat -> U95 simultaneous
0.17003396243050112,7.0,1111111111111101,43.45731220459271,2.2166935855736085,Q3-F: p_hat -> U95 simultaneous
0.17003396243050112,8.0,1111111111111101,43.252443625959756,2.4040423758869167,Q3-F: p_hat -> U95 simultaneous
0.17003396243050112,9.0,1111111111111101,43.047575047326774,2.4040423758869167,Q3-F: p_hat -> U95 simultaneous
0.17003396243050112,10.0,1111111111111101,42.84270646869382,2.4040423758869167,Q3-F: p_hat -> U95 simultaneous
0.17003396243050112,11.0,1111111111111101,42.63783789006084,2.4040423758869167,Q3-F: p_hat -> U95 simultaneous
0.17003396243050112,12.0,1111111111111101,42.43296931142788,2.4040423758869167,Q3-F: p_hat -> U95 simultaneous
0.17003396243050112,13.0,1111111111111101,42.2281007327949,2.4040423758869167,Q3-F: p_hat -> U95 simultaneous
0.17003396243050112,14.0,1111111111111101,42.023232154161946,2.4040423758869167,Q3-F: p_hat -> U95 simultaneous
0.17003396243050112,15.0,1111111111111101,41.81836357552896,2.4040423758869167,Q3-F: p_hat -> U95 simultaneous
0.17003396243050112,16.0,1111111111111101,41.61349499689601,2.404042375886945,Q3-F: p_hat -> U95 simultaneous
0.17003396243050112,17.0,1111111111111101,41.408626418263026,2.4040423758869167,Q3-F: p_hat -> U95 simultaneous
0.17003396243050112,18.0,1111111111111101,41.20375783963004,2.4040423758869167,Q3-F: p_hat -> U95 simultaneous
0.17003396243050112,19.0,1111111111111101,40.99888926099709,2.4040423758869167,Q3-F: p_hat -> U95 simultaneous
0.17003396243050112,20.0,1111111111111101,40.794020682364106,2.4040423758869167,Q3-F: p_hat -> U95 simultaneous
0.17003396243050112,21.0,1111111111111101,40.58915210373115,2.4040423758869167,Q3-F: p_hat -> U95 simultaneous
0.17003396243050112,22.0,1111111111111101,40.38428352509817,2.4040423758869167,Q3-F: p_hat -> U95 simultaneous
0.17003396243050112,23.0,1111111111111101,40.179414946465215,2.4040423758869167,Q3-F: p_hat -> U95 simultaneous
0.17003396243050112,24.0,1111111111111101,39.97454636783223,2.312365584606539,Q3-F: p_hat -> U95 simultaneous
0.17003396243050112,25.0,1111111111111101,39.76967778919928,2.1074970059735847,Q3-F: p_hat -> U95 simultaneous
0.17003396243050112,26.0,1111111111111101,39.564809210566295,1.902628427340602,Q3-F: p_hat -> U95 simultaneous
0.17003396243050112,27.0,1111111111111101,39.35994063193334,1.6977598487076477,Q3-F: p_hat -> U95 simultaneous
0.17003396243050112,28.0,1111111111111101,39.15507205330036,1.492891270074665,Q3-F: p_hat -> U95 simultaneous
0.17003396243050112,29.0,1111111111111101,38.950203474667376,1.2880226914416824,Q3-F: p_hat -> U95 simultaneous
0.17003396243050112,30.0,1111111111111101,38.74533489603442,1.083154112808728,Q3-F: p_hat -> U95 simultaneous
0.17003396243050112,31.0,1111111111111101,38.54046631740144,0.8782855341757454,Q3-F: p_hat -> U95 simultaneous
0.17003396243050112,32.0,1111111111111101,38.335597738768485,0.6734169555427911,Q3-F: p_hat -> U95 simultaneous
0.17003396243050112,33.0,1111111111111101,38.1307291601355,0.46854837690980844,Q3-F: p_hat -> U95 simultaneous
0.17003396243050112,34.0,1111111111111101,37.92586058150255,0.26367979827685417,Q3-F: p_hat -> U95 simultaneous
0.17003396243050112,35.0,1111111111111101,37.720992002869565,0.05881121964387148,Q3-F: p_hat -> U95 simultaneous
0.17003396243050112,36.0,1111111111111111,37.66218078322569,0.1460573589890828,Q3-F: p_hat -> U95 simultaneous
0.17003396243050112,37.0,1111111111111111,37.66218078322569,0.3509259376220655,Q3-F: p_hat -> U95 simultaneous
0.17003396243050112,38.0,1111111111111111,37.66218078322569,0.5557945162550197,Q3-F: p_hat -> U95 simultaneous
0.17003396243050112,39.0,1111111111111111,37.66218078322569,0.7606630948880024,Q3-F: p_hat -> U95 simultaneous
0.17003396243050112,40.0,1111111111111111,37.66218078322569,0.9655316735209851,Q3-F: p_hat -> U95 simultaneous
0.17321732435916026,6.0,1111111111111101,43.550842230778585,2.031436775476749,Q3-F: p_hat -> U95 simultaneous
0.17321732435916026,7.0,1111111111111101,43.34133454579367,2.2269376333365187,Q3-F: p_hat -> U95 simultaneous
0.17321732435916026,8.0,1111111111111101,43.13182686080873,2.4040423758869167,Q3-F: p_hat -> U95 simultaneous
0.17321732435916026,9.0,1111111111111101,42.922319175823816,2.404042375886945,Q3-F: p_hat -> U95 simultaneous
0.17321732435916026,10.0,1111111111111101,42.712811490838874,2.4040423758869167,Q3-F: p_hat -> U95 simultaneous
0.17321732435916026,11.0,1111111111111101,42.50330380585393,2.4040423758869167,Q3-F: p_hat -> U95 simultaneous
0.17321732435916026,12.0,1111111111111101,42.29379612086902,2.4040423758869167,Q3-F: p_hat -> U95 simultaneous
0.17321732435916026,13.0,1111111111111101,42.084288435884076,2.4040423758869167,Q3-F: p_hat -> U95 simultaneous
0.17321732435916026,14.0,1111111111111101,41.874780750899134,2.4040423758869167,Q3-F: p_hat -> U95 simultaneous
0.17321732435916026,15.0,1111111111111101,41.66527306591422,2.4040423758869167,Q3-F: p_hat -> U95 simultaneous
0.17321732435916026,16.0,1111111111111101,41.45576538092928,2.4040423758869167,Q3-F: p_hat -> U95 simultaneous
0.17321732435916026,17.0,1111111111111101,41.24625769594434,2.4040423758869167,Q3-F: p_hat -> U95 simultaneous
0.17321732435916026,18.0,1111111111111101,41.03675001095942,2.4040423758869167,Q3-F: p_hat -> U95 simultaneous
0.17321732435916026,19.0,1111111111111101,40.82724232597448,2.4040423758869167,Q3-F: p_hat -> U95 simultaneous
0.17321732435916026,20.0,1111111111111101,40.61773464098954,2.4040423758869167,Q3-F: p_hat -> U95 simultaneous
0.17321732435916026,21.0,1111111111111101,40.408226956004626,2.4040423758869167,Q3-F: p_hat -> U95 simultaneous
0.17321732435916026,22.0,1111111111111101,40.198719271019684,2.4040423758869167,Q3-F: p_hat -> U95 simultaneous
0.17321732435916026,23.0,1111111111111101,39.98921158603474,2.4040423758869167,Q3-F: p_hat -> U95 simultaneous
0.17321732435916026,24.0,1111111111111101,39.77970390104983,2.228861670271243,Q3-F: p_hat -> U95 simultaneous
0.17321732435916026,25.0,1111111111111101,39.570196216064886,2.019353985286301,Q3-F: p_hat -> U95 simultaneous
0.17321732435916026,26.0,1111111111111101,39.36068853107997,1.8098463003013876,Q3-F: p_hat -> U95 simultaneous
0.17321732435916026,27.0,1111111111111101,39.15118084609503,1.6003386153164456,Q3-F: p_hat -> U95 simultaneous
0.17321732435916026,28.0,1111111111111101,38.94167316111009,1.3908309303315036,Q3-F: p_hat -> U95 simultaneous
0.17321732435916026,29.0,1111111111111101,38.73216547612515,1.1813232453465616,Q3-F: p_hat -> U95 simultaneous
0.17321732435916026,30.0,1111111111111101,38.52265779114023,0.9718155603616481,Q3-F: p_hat -> U95 simultaneous
0.17321732435916026,31.0,1111111111111101,38.31315010615529,0.7623078753767061,Q3-F: p_hat -> U95 simultaneous
0.17321732435916026,32.0,1111111111111101,38.10364242117038,0.5528001903917925,Q3-F: p_hat -> U95 simultaneous
0.17321732435916026,33.0,1111111111111101,37.894134736185435,0.3432925054068505,Q3-F: p_hat -> U95 simultaneous
0.17321732435916026,34.0,1111111111111101,37.68462705120049,0.13378482042190853,Q3-F: p_hat -> U95 simultaneous
0.17321732435916026,35.0,1111111111111111,37.550842230778585,0.07572286456300503,Q3-F: p_hat -> U95 simultaneous
0.17321732435916026,36.0,1111111111111111,37.550842230778585,0.285230549547947,Q3-F: p_hat -> U95 simultaneous
0.17321732435916026,37.0,1111111111111111,37.550842230778585,0.494738234532889,Q3-F: p_hat -> U95 simultaneous
0.17321732435916026,38.0,1111111111111111,37.550842230778585,0.7042459195178026,Q3-F: p_hat -> U95 simultaneous
0.17321732435916026,39.0,1111111111111111,37.550842230778585,0.9137536045027446,Q3-F: p_hat -> U95 simultaneous
0.17321732435916026,40.0,1111111111111111,37.550842230778585,1.1232612894876866,Q3-F: p_hat -> U95 simultaneous
0.1764006862878194,6.0,1111111111111101,43.43864299060834,2.041680823239659,Q3-F: p_hat -> U95 simultaneous
0.1764006862878194,7.0,1111111111111101,43.224460337283006,2.2371816810994574,Q3-F: p_hat -> U95 simultaneous
0.1764006862878194,8.0,1111111111111101,43.01027768395764,2.4040423758869167,Q3-F: p_hat -> U95 simultaneous
0.1764006862878194,9.0,1111111111111101,42.79609503063227,2.4040423758869167,Q3-F: p_hat -> U95 simultaneous
0.1764006862878194,10.0,1111111111111101,42.581912377306935,2.404042375886945,Q3-F: p_hat -> U95 simultaneous
0.1764006862878194,11.0,1111111111111101,42.36772972398157,2.4040423758869167,Q3-F: p_hat -> U95 simultaneous
0.1764006862878194,12.0,1111111111111101,42.1535470706562,2.4040423758869167,Q3-F: p_hat -> U95 simultaneous
0.1764006862878194,13.0,1111111111111101,41.939364417330836,2.4040423758869167,Q3-F: p_hat -> U95 simultaneous
0.1764006862878194,14.0,1111111111111101,41.7251817640055,2.4040423758869167,Q3-F: p_hat -> U95 simultaneous
0.1764006862878194,15.0,1111111111111101,41.51099911068013,2.4040423758869167,Q3-F: p_hat -> U95 simultaneous
0.1764006862878194,16.0,1111111111111101,41.296816457354765,2.4040423758869167,Q3-F: p_hat -> U95 simultaneous
0.1764006862878194,17.0,1111111111111101,41.0826338040294,2.4040423758869167,Q3-F: p_hat -> U95 simultaneous
0.1764006862878194,18.0,1111111111111101,40.86845115070406,2.4040423758869167,Q3-F: p_hat -> U95 simultaneous
0.1764006862878194,19.0,1111111111111101,40.654268497378695,2.4040423758869167,Q3-F: p_hat -> U95 simultaneous
0.1764006862878194,20.0,1111111111111101,40.44008584405333,2.4040423758869167,Q3-F: p_hat -> U95 simultaneous
0.1764006862878194,21.0,1111111111111101,40.22590319072796,2.4040423758869167,Q3-F: p_hat -> U95 simultaneous
0.1764006862878194,22.0,1111111111111101,40.011720537402624,2.4040423758869167,Q3-F: p_hat -> U95 simultaneous
0.1764006862878194,23.0,1111111111111101,39.79753788407726,2.3588948934689142,Q3-F: p_hat -> U95 simultaneous
0.1764006862878194,24.0,1111111111111101,39.58335523075189,2.144712240143548,Q3-F: p_hat -> U95 simultaneous
0.1764006862878194,25.0,1111111111111101,39.369172577426525,1.9305295868181815,Q3-F: p_hat -> U95 simultaneous
0.1764006862878194,26.0,1111111111111101,39.15498992410119,1.7163469334928436,Q3-F: p_hat -> U95 simultaneous
0.1764006862878194,27.0,1111111111111101,38.94080727077582,1.5021642801674773,Q3-F: p_hat -> U95 simultaneous
0.1764006862878194,28.0,1111111111111101,38.726624617450454,1.287981626842111,Q3-F: p_hat -> U95 simultaneous
0.1764006862878194,29.0,1111111111111101,38.51244196412512,1.073798973516773,Q3-F: p_hat -> U95 simultaneous
0.1764006862878194,30.0,1111111111111101,38.29825931079975,0.8596163201914067,Q3-F: p_hat -> U95 simultaneous
0.1764006862878194,31.0,1111111111111101,38.084076657474384,0.6454336668660403,Q3-F: p_hat -> U95 simultaneous
0.1764006862878194,32.0,1111111111111101,37.86989400414902,0.43125101354067397,Q3-F: p_hat -> U95 simultaneous
0.1764006862878194,33.0,1111111111111101,37.65571135082368,0.21706836021533604,Q3-F: p_hat -> U95 simultaneous
0.1764006862878194,34.0,1111111111111101,37.44152869749831,0.002885706889969697,Q3-F: p_hat -> U95 simultaneous
0.1764006862878194,35.0,1111111111111111,37.43864299060834,0.21129694643539665,Q3-F: p_hat -> U95 simultaneous
0.1764006862878194,36.0,1111111111111111,37.43864299060834,0.425479599760763,Q3-F: p_hat -> U95 simultaneous
0.1764006862878194,37.0,1111111111111111,37.43864299060834,0.6396622530861009,Q3-F: p_hat -> U95 simultaneous
0.1764006862878194,38.0,1111111111111111,37.43864299060834,0.8538449064114673,Q3-F: p_hat -> U95 simultaneous
0.1764006862878194,39.0,1111111111111111,37.43864299060834,1.0680275597368336,Q3-F: p_hat -> U95 simultaneous
0.1764006862878194,40.0,1111111111111111,37.43864299060834,1.2822102130621715,Q3-F: p_hat -> U95 simultaneous
0.17958404821647855,6.0,1111111111111101,43.325573043843946,2.0519248710025693,Q3-F: p_hat -> U95 simultaneous
0.17958404821647855,7.0,1111111111111101,43.10667914273674,2.247425728862339,Q3-F: p_hat -> U95 simultaneous
0.17958404821647855,8.0,1111111111111101,42.88778524162953,2.4040423758869167,Q3-F: p_hat -> U95 simultaneous
0.17958404821647855,9.0,1111111111111101,42.66889134052232,2.4040423758869167,Q3-F: p_hat -> U95 simultaneous
0.17958404821647855,10.0,1111111111111101,42.449997439415114,2.4040423758869167,Q3-F: p_hat -> U95 simultaneous
0.17958404821647855,11.0,1111111111111101,42.231103538307906,2.4040423758869167,Q3-F: p_hat -> U95 simultaneous
0.17958404821647855,12.0,1111111111111101,42.0122096372007,2.4040423758869167,Q3-F: p_hat -> U95 simultaneous
0.17958404821647855,13.0,1111111111111101,41.79331573609349,2.4040423758869167,Q3-F: p_hat -> U95 simultaneous
0.17958404821647855,14.0,1111111111111101,41.57442183498628,2.4040423758869167,Q3-F: p_hat -> U95 simultaneous
0.17958404821647855,15.0,1111111111111101,41.355527933879074,2.4040423758869167,Q3-F: p_hat -> U95 simultaneous
0.17958404821647855,16.0,1111111111111101,41.136634032771866,2.4040423758869167,Q3-F: p_hat -> U95 simultaneous
0.17958404821647855,17.0,1111111111111101,40.91774013166466,2.4040423758869167,Q3-F: p_hat -> U95 simultaneous
0.17958404821647855,18.0,1111111111111101,40.69884623055745,2.4040423758869167,Q3-F: p_hat -> U95 simultaneous
0.17958404821647855,19.0,1111111111111101,40.47995232945024,2.4040423758869167,Q3-F: p_hat -> U95 simultaneous
0.17958404821647855,20.0,1111111111111101,40.261058428343034,2.4040423758869167,Q3-F: p_hat -> U95 simultaneous
0.17958404821647855,21.0,1111111111111101,40.042164527235826,2.4040423758869167,Q3-F: p_hat -> U95 simultaneous
0.17958404821647855,22.0,1111111111111101,39.82327062612862,2.4040423758869167,Q3-F: p_hat -> U95 simultaneous
0.17958404821647855,23.0,1111111111111101,39.60437672502141,2.2788036811774646,Q3-F: p_hat -> U95 simultaneous
0.17958404821647855,24.0,1111111111111101,39.3854828239142,2.0599097800702566,Q3-F: p_hat -> U95 simultaneous
0.17958404821647855,25.0,1111111111111101,39.166588922806994,1.8410158789630486,Q3-F: p_hat -> U95 simultaneous
0.17958404821647855,26.0,1111111111111101,38.947695021699786,1.6221219778558407,Q3-F: p_hat -> U95 simultaneous
0.17958404821647855,27.0,1111111111111101,38.72880112059258,1.4032280767486327,Q3-F: p_hat -> U95 simultaneous
0.17958404821647855,28.0,1111111111111101,38.50990721948537,1.1843341756414247,Q3-F: p_hat -> U95 simultaneous
0.17958404821647855,29.0,1111111111111101,38.29101331837816,0.9654402745342168,Q3-F: p_hat -> U95 simultaneous
0.17958404821647855,30.0,1111111111111101,38.072119417270955,0.7465463734270088,Q3-F: p_hat -> U95 simultaneous
0.17958404821647855,31.0,1111111111111101,37.85322551616375,0.5276524723198008,Q3-F: p_hat -> U95 simultaneous
0.17958404821647855,32.0,1111111111111101,37.63433161505654,0.30875857121259287,Q3-F: p_hat -> U95 simultaneous
0.17958404821647855,33.0,1111111111111101,37.41543771394933,0.0898646701053849,Q3-F: p_hat -> U95 simultaneous
0.17958404821647855,34.0,1111111111111111,37.325573043843946,0.12902923100182306,Q3-F: p_hat -> U95 simultaneous
0.17958404821647855,35.0,1111111111111111,37.325573043843946,0.34792313210903103,Q3-F: p_hat -> U95 simultaneous
0.17958404821647855,36.0,1111111111111111,37.325573043843946,0.566817033216239,Q3-F: p_hat -> U95 simultaneous
0.17958404821647855,37.0,1111111111111111,37.325573043843946,0.785710934323447,Q3-F: p_hat -> U95 simultaneous
0.17958404821647855,38.0,1111111111111111,37.325573043843946,1.004604835430655,Q3-F: p_hat -> U95 simultaneous
0.17958404821647855,39.0,1111111111111111,37.325573043843946,1.223498736537863,Q3-F: p_hat -> U95 simultaneous
0.17958404821647855,40.0,1111111111111111,37.325573043843946,1.4423926376450709,Q3-F: p_hat -> U95 simultaneous
0.1827674101451377,6.0,1111111111111101,43.211622215508584,2.0621689187654795,Q3-F: p_hat -> U95 simultaneous
0.1827674101451377,7.0,1111111111111101,42.98798036322074,2.257669776625278,Q3-F: p_hat -> U95 simultaneous
0.1827674101451377,8.0,1111111111111101,42.76433851093287,2.4040423758869167,Q3-F: p_hat -> U95 simultaneous
0.1827674101451377,9.0,1111111111111101,42.54069665864503,2.4040423758869167,Q3-F: p_hat -> U95 simultaneous
0.1827674101451377,10.0,1111111111111101,42.31705480635719,2.4040423758869167,Q3-F: p_hat -> U95 simultaneous
0.1827674101451377,11.0,1111111111111101,42.09341295406932,2.4040423758869167,Q3-F: p_hat -> U95 simultaneous
0.1827674101451377,12.0,1111111111111101,41.86977110178148,2.4040423758869167,Q3-F: p_hat -> U95 simultaneous
0.1827674101451377,13.0,1111111111111101,41.64612924949364,2.4040423758869167,Q3-F: p_hat -> U95 simultaneous
0.1827674101451377,14.0,1111111111111101,41.42248739720577,2.4040423758869167,Q3-F: p_hat -> U95 simultaneous
0.1827674101451377,15.0,1111111111111101,41.19884554491793,2.4040423758869167,Q3-F: p_hat -> U95 simultaneous
0.1827674101451377,16.0,1111111111111101,40.97520369263009,2.4040423758869167,Q3-F: p_hat -> U95 simultaneous
0.1827674101451377,17.0,1111111111111101,40.75156184034225,2.4040423758869167,Q3-F: p_hat -> U95 simultaneous
0.1827674101451377,18.0,1111111111111101,40.52791998805438,2.4040423758869167,Q3-F: p_hat -> U95 simultaneous
0.1827674101451377,19.0,1111111111111101,40.30427813576654,2.4040423758869167,Q3-F: p_hat -> U95 simultaneous
0.1827674101451377,20.0,1111111111111101,40.0806362834787,2.4040423758869167,Q3-F: p_hat -> U95 simultaneous
0.1827674101451377,21.0,1111111111111101,39.85699443119083,2.4040423758869167,Q3-F: p_hat -> U95 simultaneous
0.1827674101451377,22.0,1111111111111101,39.633352578902986,2.4040423758869167,Q3-F: p_hat -> U95 simultaneous
0.1827674101451377,23.0,1111111111111101,39.409710726615145,2.198088511106562,Q3-F: p_hat -> U95 simultaneous
0.1827674101451377,24.0,1111111111111101,39.186068874327276,1.9744466588186924,Q3-F: p_hat -> U95 simultaneous
0.1827674101451377,25.0,1111111111111101,38.962427022039435,1.7508048065308515,Q3-F: p_hat -> U95 simultaneous
0.1827674101451377,26.0,1111111111111101,38.738785169751594,1.5271629542430105,Q3-F: p_hat -> U95 simultaneous
0.1827674101451377,27.0,1111111111111101,38.51514331746375,1.3035211019551696,Q3-F: p_hat -> U95 simultaneous
0.1827674101451377,28.0,1111111111111101,38.291501465175884,1.0798792496673002,Q3-F: p_hat -> U95 simultaneous
0.1827674101451377,29.0,1111111111111101,38.06785961288804,0.8562373973794593,Q3-F: p_hat -> U95 simultaneous
0.1827674101451377,30.0,1111111111111101,37.8442177606002,0.6325955450916183,Q3-F: p_hat -> U95 simultaneous
0.1827674101451377,31.0,1111111111111101,37.62057590831233,0.40895369280374894,Q3-F: p_hat -> U95 simultaneous
0.1827674101451377,32.0,1111111111111101,37.39693405602449,0.185311840515908,Q3-F: p_hat -> U95 simultaneous
0.1827674101451377,33.0,1111111111111111,37.211622215508584,0.03833001177193296,Q3-F: p_hat -> U95 simultaneous
0.1827674101451377,34.0,1111111111111111,37.211622215508584,0.26197186405980233,Q3-F: p_hat -> U95 simultaneous
0.1827674101451377,35.0,1111111111111111,37.211622215508584,0.4856137163476433,Q3-F: p_hat -> U95 simultaneous
0.1827674101451377,36.0,1111111111111111,37.211622215508584,0.7092555686354842,Q3-F: p_hat -> U95 simultaneous
0.1827674101451377,37.0,1111111111111111,37.211622215508584,0.9328974209233252,Q3-F: p_hat -> U95 simultaneous
0.1827674101451377,38.0,1111111111111111,37.211622215508584,1.1565392732111945,Q3-F: p_hat -> U95 simultaneous
0.1827674101451377,39.0,1111111111111111,37.211622215508584,1.3801811254990355,Q3-F: p_hat -> U95 simultaneous
0.1827674101451377,40.0,1111111111111111,37.211622215508584,1.6038229777868764,Q3-F: p_hat -> U95 simultaneous
0.18595077207379682,6.0,1111111111111101,43.09678017146729,2.072412966528418,Q3-F: p_hat -> U95 simultaneous
0.18595077207379682,7.0,1111111111111101,42.86835323401104,2.2679138243881596,Q3-F: p_hat -> U95 simultaneous
0.18595077207379682,8.0,1111111111111101,42.63992629655479,2.4040423758869167,Q3-F: p_hat -> U95 simultaneous
0.18595077207379682,9.0,1111111111111101,42.41149935909857,2.4040423758869167,Q3-F: p_hat -> U95 simultaneous
0.18595077207379682,10.0,1111111111111101,42.18307242164232,2.4040423758869167,Q3-F: p_hat -> U95 simultaneous
0.18595077207379682,11.0,1111111111111101,41.9546454841861,2.4040423758869167,Q3-F: p_hat -> U95 simultaneous
0.18595077207379682,12.0,1111111111111101,41.726218546729854,2.4040423758869167,Q3-F: p_hat -> U95 simultaneous
0.18595077207379682,13.0,1111111111111101,41.497791609273605,2.4040423758869167,Q3-F: p_hat -> U95 simultaneous
0.18595077207379682,14.0,1111111111111101,41.269364671817385,2.4040423758869167,Q3-F: p_hat -> U95 simultaneous
0.18595077207379682,15.0,1111111111111101,41.04093773436114,2.4040423758869167,Q3-F: p_hat -> U95 simultaneous
0.18595077207379682,16.0,1111111111111101,40.81251079690492,2.4040423758869167,Q3-F: p_hat -> U95 simultaneous
0.18595077207379682,17.0,1111111111111101,40.58408385944867,2.4040423758869167,Q3-F: p_hat -> U95 simultaneous
0.18595077207379682,18.0,1111111111111101,40.35565692199242,2.4040423758869167,Q3-F: p_hat -> U95 simultaneous
0.18595077207379682,19.0,1111111111111101,40.1272299845362,2.4040423758869167,Q3-F: p_hat -> U95 simultaneous
0.18595077207379682,20.0,1111111111111101,39.89880304707995,2.4040423758869167,Q3-F: p_hat -> U95 simultaneous
0.18595077207379682,21.0,1111111111111101,39.67037610962373,2.4040423758869167,Q3-F: p_hat -> U95 simultaneous
0.18595077207379682,22.0,1111111111111101,39.44194917216748,2.3451690007001957,Q3-F: p_hat -> U95 simultaneous
0.18595077207379682,23.0,1111111111111101,39.213522234711235,2.1167420632439473,Q3-F: p_hat -> U95 simultaneous
0.18595077207379682,24.0,1111111111111101,38.985095297255015,1.8883151257877273,Q3-F: p_hat -> U95 simultaneous
0.18595077207379682,25.0,1111111111111101,38.756668359798766,1.6598881883314789,Q3-F: p_hat -> U95 simultaneous
0.18595077207379682,26.0,1111111111111101,38.528241422342546,1.4314612508752589,Q3-F: p_hat -> U95 simultaneous
0.18595077207379682,27.0,1111111111111101,38.2998144848863,1.2030343134190105,Q3-F: p_hat -> U95 simultaneous
0.18595077207379682,28.0,1111111111111101,38.07138754743005,0.974607375962762,Q3-F: p_hat -> U95 simultaneous
0.18595077207379682,29.0,1111111111111101,37.84296060997383,0.746180438506542,Q3-F: p_hat -> U95 simultaneous
0.18595077207379682,30.0,1111111111111101,37.61453367251758,0.5177535010502936,Q3-F: p_hat -> U95 simultaneous
0.18595077207379682,31.0,1111111111111101,37.38610673506136,0.2893265635940736,Q3-F: p_hat -> U95 simultaneous
0.18595077207379682,32.0,1111111111111101,37.15767979760511,0.06089962613782518,Q3-F: p_hat -> U95 simultaneous
0.18595077207379682,33.0,1111111111111111,37.09678017146729,0.16752731131839482,Q3-F: p_hat -> U95 simultaneous
0.18595077207379682,34.0,1111111111111111,37.09678017146729,0.39595424877464325,Q3-F: p_hat -> U95 simultaneous
0.18595077207379682,35.0,1111111111111111,37.09678017146729,0.6243811862308917,Q3-F: p_hat -> U95 simultaneous
0.18595077207379682,36.0,1111111111111111,37.09678017146729,0.8528081236871117,Q3-F: p_hat -> U95 simultaneous
0.18595077207379682,37.0,1111111111111111,37.09678017146729,1.08123506114336,Q3-F: p_hat -> U95 simultaneous
0.18595077207379682,38.0,1111111111111111,37.09678017146729,1.3096619985996085,Q3-F: p_hat -> U95 simultaneous
0.18595077207379682,39.0,1111111111111111,37.09678017146729,1.5380889360558285,Q3-F: p_hat -> U95 simultaneous
0.18595077207379682,40.0,1111111111111111,37.09678017146729,1.766515873512077,Q3-F: p_hat -> U95 simultaneous
0.18913413400245596,6.0,1111111111111101,42.98103641530281,2.0826570142913,Q3-F: p_hat -> U95 simultaneous
0.18913413400245596,7.0,1111111111111101,42.74778682133973,2.278157872151098,Q3-F: p_hat -> U95 simultaneous
0.18913413400245596,8.0,1111111111111101,42.51453722737665,2.4040423758869167,Q3-F: p_hat -> U95 simultaneous
0.18913413400245596,9.0,1111111111111101,42.28128763341354,2.4040423758869167,Q3-F: p_hat -> U95 simultaneous
0.18913413400245596,10.0,1111111111111101,42.04803803945046,2.4040423758869167,Q3-F: p_hat -> U95 simultaneous
0.18913413400245596,11.0,1111111111111101,41.81478844548738,2.4040423758869167,Q3-F: p_hat -> U95 simultaneous
0.18913413400245596,12.0,1111111111111101,41.58153885152427,2.4040423758868883,Q3-F: p_hat -> U95 simultaneous
0.18913413400245596,13.0,1111111111111101,41.34828925756119,2.4040423758869167,Q3-F: p_hat -> U95 simultaneous
0.18913413400245596,14.0,1111111111111101,41.11503966359811,2.4040423758869167,Q3-F: p_hat -> U95 simultaneous
0.18913413400245596,15.0,1111111111111101,40.88179006963503,2.4040423758869167,Q3-F: p_hat -> U95 simultaneous
0.18913413400245596,16.0,1111111111111101,40.64854047567192,2.4040423758869167,Q3-F: p_hat -> U95 simultaneous
0.18913413400245596,17.0,1111111111111101,40.41529088170884,2.4040423758869167,Q3-F: p_hat -> U95 simultaneous
0.18913413400245596,18.0,1111111111111101,40.18204128774576,2.4040423758869167,Q3-F: p_hat -> U95 simultaneous
0.18913413400245596,19.0,1111111111111101,39.94879169378265,2.4040423758869167,Q3-F: p_hat -> U95 simultaneous
0.18913413400245596,20.0,1111111111111101,39.71554209981957,2.4040423758869167,Q3-F: p_hat -> U95 simultaneous
0.18913413400245596,21.0,1111111111111101,39.48229250585649,2.4040423758869167,Q3-F: p_hat -> U95 simultaneous
0.18913413400245596,22.0,1111111111111101,39.24904291189338,2.268006496590573,Q3-F: p_hat -> U95 simultaneous
0.18913413400245596,23.0,1111111111111101,39.0157933179303,2.0347569026274925,Q3-F: p_hat -> U95 simultaneous
0.18913413400245596,24.0,1111111111111101,38.78254372396722,1.8015073086644122,Q3-F: p_hat -> U95 simultaneous
0.18913413400245596,25.0,1111111111111101,38.549294130004114,1.5682577147013035,Q3-F: p_hat -> U95 simultaneous
0.18913413400245596,26.0,1111111111111101,38.31604453604103,1.3350081207382232,Q3-F: p_hat -> U95 simultaneous
0.18913413400245596,27.0,1111111111111101,38.08279494207795,1.1017585267751429,Q3-F: p_hat -> U95 simultaneous
0.18913413400245596,28.0,1111111111111101,37.849545348114845,0.8685089328120341,Q3-F: p_hat -> U95 simultaneous
0.18913413400245596,29.0,1111111111111101,37.616295754151764,0.6352593388489538,Q3-F: p_hat -> U95 simultaneous
0.18913413400245596,30.0,1111111111111101,37.383046160188684,0.4020097448858735,Q3-F: p_hat -> U95 simultaneous
0.18913413400245596,31.0,1111111111111101,37.149796566225575,0.16876015092276475,Q3-F: p_hat -> U95 simultaneous
0.18913413400245596,32.0,1111111111111111,36.98103641530281,0.06448944304031556,Q3-F: p_hat -> U95 simultaneous
0.18913413400245596,33.0,1111111111111111,36.98103641530281,0.2977390370033959,Q3-F: p_hat -> U95 simultaneous
0.18913413400245596,34.0,1111111111111111,36.98103641530281,0.5309886309664762,Q3-F: p_hat -> U95 simultaneous
0.18913413400245596,35.0,1111111111111111,36.98103641530281,0.7642382249295849,Q3-F: p_hat -> U95 simultaneous
0.18913413400245596,36.0,1111111111111111,36.98103641530281,0.9974878188926652,Q3-F: p_hat -> U95 simultaneous
0.18913413400245596,37.0,1111111111111111,36.98103641530281,1.2307374128557456,Q3-F: p_hat -> U95 simultaneous
0.18913413400245596,38.0,1111111111111111,36.98103641530281,1.4639870068188543,Q3-F: p_hat -> U95 simultaneous
0.18913413400245596,39.0,1111111111111111,36.98103641530281,1.6972366007819346,Q3-F: p_hat -> U95 simultaneous
0.18913413400245596,40.0,1111111111111111,36.98103641530281,1.930486194745015,Q3-F: p_hat -> U95 simultaneous
0.1923174959311151,6.0,1111111111111101,42.86438028511765,2.0929010620542385,Q3-F: p_hat -> U95 simultaneous
0.1923174959311151,7.0,1111111111111101,42.6262700190635,2.2884019199140084,Q3-F: p_hat -> U95 simultaneous
0.1923174959311151,8.0,1111111111111101,42.38815975300935,2.4040423758869167,Q3-F: p_hat -> U95 simultaneous
0.1923174959311151,9.0,1111111111111101,42.150049486955226,2.4040423758869167,Q3-F: p_hat -> U95 simultaneous
0.1923174959311151,10.0,1111111111111101,41.911939220901075,2.4040423758869167,Q3-F: p_hat -> U95 simultaneous
0.1923174959311151,11.0,1111111111111101,41.673828954846954,2.4040423758869167,Q3-F: p_hat -> U95 simultaneous
0.1923174959311151,12.0,1111111111111101,41.435718688792804,2.4040423758869167,Q3-F: p_hat -> U95 simultaneous
0.1923174959311151,13.0,1111111111111101,41.197608422738654,2.4040423758869167,Q3-F: p_hat -> U95 simultaneous
0.1923174959311151,14.0,1111111111111101,40.95949815668453,2.4040423758869167,Q3-F: p_hat -> U95 simultaneous
0.1923174959311151,15.0,1111111111111101,40.72138789063038,2.4040423758869167,Q3-F: p_hat -> U95 simultaneous
0.1923174959311151,16.0,1111111111111101,40.48327762457626,2.4040423758869167,Q3-F: p_hat -> U95 simultaneous
0.1923174959311151,17.0,1111111111111101,40.24516735852211,2.4040423758869167,Q3-F: p_hat -> U95 simultaneous
0.1923174959311151,18.0,1111111111111101,40.00705709246796,2.4040423758869167,Q3-F: p_hat -> U95 simultaneous
0.1923174959311151,19.0,1111111111111101,39.76894682641384,2.4040423758869167,Q3-F: p_hat -> U95 simultaneous
0.1923174959311151,20.0,1111111111111101,39.53083656035969,2.4040423758869167,Q3-F: p_hat -> U95 simultaneous
0.1923174959311151,21.0,1111111111111101,39.29272629430557,2.4040423758869167,Q3-F: p_hat -> U95 simultaneous
0.1923174959311151,22.0,1111111111111101,39.05461602825142,2.190235743133769,Q3-F: p_hat -> U95 simultaneous
0.1923174959311151,23.0,1111111111111101,38.81650576219727,1.952125477079619,Q3-F: p_hat -> U95 simultaneous
0.1923174959311151,24.0,1111111111111101,38.578395496143145,1.7140152110254974,Q3-F: p_hat -> U95 simultaneous
0.1923174959311151,25.0,1111111111111101,38.340285230088995,1.4759049449713473,Q3-F: p_hat -> U95 simultaneous
0.1923174959311151,26.0,1111111111111101,38.10217496403487,1.2377946789172256,Q3-F: p_hat -> U95 simultaneous
0.1923174959311151,27.0,1111111111111101,37.86406469798072,0.9996844128630755,Q3-F: p_hat -> U95 simultaneous
0.1923174959311151,28.0,1111111111111101,37.62595443192657,0.7615741468089254,Q3-F: p_hat -> U95 simultaneous
0.1923174959311151,29.0,1111111111111101,37.38784416587245,0.5234638807548038,Q3-F: p_hat -> U95 simultaneous
0.1923174959311151,30.0,1111111111111101,37.1497338998183,0.2853536147006537,Q3-F: p_hat -> U95 simultaneous
0.1923174959311151,31.0,1111111111111101,36.91162363376418,0.04724334864653201,Q3-F: p_hat -> U95 simultaneous
0.1923174959311151,32.0,1111111111111111,36.86438028511765,0.19086691740761808,Q3-F: p_hat -> U95 simultaneous
0.1923174959311151,33.0,1111111111111111,36.86438028511765,0.42897718346176816,Q3-F: p_hat -> U95 simultaneous
0.1923174959311151,34.0,1111111111111111,36.86438028511765,0.6670874495158898,Q3-F: p_hat -> U95 simultaneous
0.1923174959311151,35.0,1111111111111111,36.86438028511765,0.9051977155700399,Q3-F: p_hat -> U95 simultaneous
0.1923174959311151,36.0,1111111111111111,36.86438028511765,1.1433079816241616,Q3-F: p_hat -> U95 simultaneous
0.1923174959311151,37.0,1111111111111111,36.86438028511765,1.3814182476783117,Q3-F: p_hat -> U95 simultaneous
0.1923174959311151,38.0,1111111111111111,36.86438028511765,1.6195285137324618,Q3-F: p_hat -> U95 simultaneous
0.1923174959311151,39.0,1111111111111111,36.86438028511765,1.8576387797865834,Q3-F: p_hat -> U95 simultaneous
0.1923174959311151,40.0,1111111111111111,36.86438028511765,2.0929010620542385,Q3-F: p_hat -> U95 simultaneous
0.19550085785977425,6.0,1111111111111101,42.746800950259825,2.1031451098171488,Q3-F: p_hat -> U95 simultaneous
0.19550085785977425,7.0,1111111111111101,42.50379154525328,2.2986459676769186,Q3-F: p_hat -> U95 simultaneous
0.19550085785977425,8.0,1111111111111101,42.26078214024673,2.4040423758869167,Q3-F: p_hat -> U95 simultaneous
0.19550085785977425,9.0,1111111111111101,42.017772735240186,2.4040423758869167,Q3-F: p_hat -> U95 simultaneous
0.19550085785977425,10.0,1111111111111101,41.77476333023364,2.4040423758869167,Q3-F: p_hat -> U95 simultaneous
0.19550085785977425,11.0,1111111111111101,41.53175392522709,2.4040423758869167,Q3-F: p_hat -> U95 simultaneous
0.19550085785977425,12.0,1111111111111101,41.28874452022055,2.4040423758869167,Q3-F: p_hat -> U95 simultaneous
0.19550085785977425,13.0,1111111111111101,41.045735115214,2.4040423758869167,Q3-F: p_hat -> U95 simultaneous
0.19550085785977425,14.0,1111111111111101,40.802725710207454,2.4040423758869167,Q3-F: p_hat -> U95 simultaneous
0.19550085785977425,15.0,1111111111111101,40.55971630520088,2.4040423758868883,Q3-F: p_hat -> U95 simultaneous
0.19550085785977425,16.0,1111111111111101,40.31670690019433,2.4040423758868883,Q3-F: p_hat -> U95 simultaneous
0.19550085785977425,17.0,1111111111111101,40.07369749518779,2.4040423758869167,Q3-F: p_hat -> U95 simultaneous
0.19550085785977425,18.0,1111111111111101,39.83068809018124,2.4040423758869167,Q3-F: p_hat -> U95 simultaneous
0.19550085785977425,19.0,1111111111111101,39.587678685174694,2.4040423758869167,Q3-F: p_hat -> U95 simultaneous
0.19550085785977425,20.0,1111111111111101,39.34466928016815,2.4040423758869167,Q3-F: p_hat -> U95 simultaneous
0.19550085785977425,21.0,1111111111111101,39.1016598751616,2.3548589249017766,Q3-F: p_hat -> U95 simultaneous
0.19550085785977425,22.0,1111111111111101,38.858650470155055,2.1118495198952303,Q3-F: p_hat -> U95 simultaneous
0.19550085785977425,23.0,1111111111111101,38.61564106514851,1.868840114888684,Q3-F: p_hat -> U95 simultaneous
0.19550085785977425,24.0,1111111111111101,38.37263166014196,1.6258307098821376,Q3-F: p_hat -> U95 simultaneous
0.19550085785977425,25.0,1111111111111101,38.129622255135416,1.3828213048755913,Q3-F: p_hat -> U95 simultaneous
0.19550085785977425,26.0,1111111111111101,37.88661285012887,1.139811899869045,Q3-F: p_hat -> U95 simultaneous
0.19550085785977425,27.0,1111111111111101,37.643603445122324,0.8968024948624986,Q3-F: p_hat -> U95 simultaneous
0.19550085785977425,28.0,1111111111111101,37.40059404011578,0.6537930898559523,Q3-F: p_hat -> U95 simultaneous
0.19550085785977425,29.0,1111111111111101,37.15758463510923,0.410783684849406,Q3-F: p_hat -> U95 simultaneous
0.19550085785977425,30.0,1111111111111101,36.914575230102685,0.16777427984285964,Q3-F: p_hat -> U95 simultaneous
0.19550085785977425,31.0,1111111111111111,36.746800950259825,0.07523512516368669,Q3-F: p_hat -> U95 simultaneous
0.19550085785977425,32.0,1111111111111111,36.746800950259825,0.318244530170233,Q3-F: p_hat -> U95 simultaneous
0.19550085785977425,33.0,1111111111111111,36.746800950259825,0.5612539351767794,Q3-F: p_hat -> U95 simultaneous
0.19550085785977425,34.0,1111111111111111,36.746800950259825,0.8042633401833257,Q3-F: p_hat -> U95 simultaneous
0.19550085785977425,35.0,1111111111111111,36.746800950259825,1.047272745189872,Q3-F: p_hat -> U95 simultaneous
0.19550085785977425,36.0,1111111111111111,36.746800950259825,1.2902821501964183,Q3-F: p_hat -> U95 simultaneous
0.19550085785977425,37.0,1111111111111111,36.746800950259825,1.5332915552029647,Q3-F: p_hat -> U95 simultaneous
0.19550085785977425,38.0,1111111111111111,36.746800950259825,1.776300960209511,Q3-F: p_hat -> U95 simultaneous
0.19550085785977425,39.0,1111111111111111,36.746800950259825,2.0193103652160573,Q3-F: p_hat -> U95 simultaneous
0.19550085785977425,40.0,1111111111111111,36.746800950259825,2.1031451098171488,Q3-F: p_hat -> U95 simultaneous
